,date,PRCP,TAVG,TMAX,TMIN,transactions,isSunday,isHoliday
0,2021-01-31,0.0,12.7,20.0,7.2,210.0,1,0
1,2021-02-01,0.0,16.6,22.2,13.9,11008.0,0,0
2,2021-02-02,0.0,16.8,19.4,14.4,11090.0,0,0
3,2021-02-03,0.0,14.9,16.7,12.8,11658.0,0,0
4,2021-02-04,0.0,15.2,17.2,11.7,11391.0,0,0
5,2021-02-05,0.0,13.9,18.9,8.9,12362.0,0,0
6,2021-02-06,0.0,14.1,20.6,7.8,12726.0,0,0
7,2021-02-07,0.0,13.4,19.4,9.4,185.0,1,0
8,2021-02-08,0.0,13.6,15.6,12.2,14824.0,0,0
9,2021-02-09,0.0,14.4,16.7,13.3,15942.0,0,0
10,2021-02-10,0.0,14.7,17.2,11.7,16311.0,0,0
11,2021-02-11,0.0,13.8,19.4,9.4,17353.0,0,0
12,2021-02-12,0.8,15.8,18.3,11.7,18274.0,0,0
13,2021-02-13,0.3,14.2,17.2,11.1,18339.0,0,0
14,2021-02-14,0.0,15.1,18.9,11.1,345.0,1,0
15,2021-02-15,0.0,13.7,17.8,9.4,1154.0,0,1
16,2021-02-16,1.5,15.5,17.8,12.8,16626.0,0,0
17,2021-02-17,0.0,14.2,17.8,9.4,17488.0,0,0
18,2021-02-18,0.0,14.2,20.6,7.8,17518.0,0,0
19,2021-02-19,0.0,13.8,20.0,7.2,18372.0,0,0
20,2021-02-20,0.0,13.9,18.9,8.9,17739.0,0,0
21,2021-02-21,0.0,15.7,27.8,7.8,245.0,1,0
22,2021-02-22,0.0,16.5,25.6,7.2,16206.0,0,0
23,2021-02-23,0.0,16.7,23.9,8.3,17233.0,0,0
24,2021-02-24,0.0,15.6,20.0,9.4,17586.0,0,0
25,2021-02-25,0.0,16.2,21.7,10.0,18224.0,0,0
26,2021-02-26,0.0,15.4,23.3,7.8,19418.0,0,0
27,2021-02-27,0.0,15.2,18.3,10.6,18560.0,0,0
28,2021-02-28,0.0,15.6,23.3,8.9,278.0,1,0
29,2021-03-01,0.0,15.6,25.0,7.8,17019.0,0,0
30,2021-03-02,0.0,14.8,22.2,6.7,17438.0,0,0
31,2021-03-03,14.7,14.0,17.2,9.4,15300.0,0,0
32,2021-03-04,0.0,14.5,18.9,11.1,19125.0,0,0
33,2021-03-05,0.0,14.7,20.6,9.4,20178.0,0,0
34,2021-03-06,0.0,15.4,19.4,11.7,18896.0,0,0
35,2021-03-07,0.0,15.1,17.8,11.7,216.0,1,0
36,2021-03-08,0.0,15.7,17.8,13.3,17244.0,0,0
37,2021-03-09,0.0,14.7,17.8,10.6,18433.0,0,0
38,2021-03-10,4.6,14.5,17.2,11.1,17409.0,0,0
39,2021-03-11,12.4,13.3,15.6,10.0,18546.0,0,0
40,2021-03-12,0.0,12.4,16.1,9.4,20234.0,0,0
41,2021-03-13,0.0,13.6,17.8,11.1,19119.0,0,0
42,2021-03-14,0.0,14.6,17.2,12.8,253.0,1,0
43,2021-03-15,4.3,14.2,15.0,12.2,15565.0,0,0
44,2021-03-16,0.3,12.9,16.1,10.0,18584.0,0,0
45,2021-03-17,0.0,12.4,16.7,7.8,19511.0,0,0
46,2021-03-18,0.0,13.9,17.2,10.0,19912.0,0,0
47,2021-03-19,0.0,14.5,19.4,10.0,20620.0,0,0
48,2021-03-20,0.0,16.1,18.9,12.2,19195.0,0,0
49,2021-03-21,0.0,14.0,17.8,10.0,311.0,1,0
50,2021-03-22,0.0,14.8,18.9,9.4,18557.0,0,0
51,2021-03-23,0.3,15.3,17.8,13.3,18888.0,0,0
52,2021-03-24,0.0,14.9,18.9,10.6,19840.0,0,0
53,2021-03-25,0.8,15.3,16.7,12.8,19334.0,0,0
54,2021-03-26,0.3,14.2,17.8,11.7,21178.0,0,0
55,2021-03-27,0.0,14.9,22.8,8.9,19476.0,0,0
56,2021-03-28,0.0,18.0,27.8,10.0,312.0,1,0
57,2021-03-29,0.0,18.2,22.2,11.1,19020.0,0,0
58,2021-03-30,0.0,16.2,19.4,14.4,20292.0,0,0
59,2021-03-31,0.0,18.5,31.1,11.7,3612.0,0,1
60,2021-04-01,0.0,23.1,31.1,13.9,20452.0,0,0
61,2021-04-02,0.0,19.0,20.6,15.0,21219.0,0,0
62,2021-04-03,0.0,16.7,20.0,14.4,19531.0,0,0
63,2021-04-04,0.0,16.5,22.8,13.3,230.0,1,0
64,2021-04-05,0.0,16.8,19.4,14.4,18405.0,0,0
65,2021-04-06,0.0,16.8,20.6,14.4,19775.0,0,0
66,2021-04-07,0.0,17.1,22.8,13.3,20546.0,0,0
67,2021-04-08,0.0,17.3,21.1,14.4,20407.0,0,0
68,2021-04-09,0.0,17.3,21.1,15.0,21084.0,0,0
69,2021-04-10,0.0,17.9,21.1,15.0,19805.0,0,0
70,2021-04-11,0.0,16.9,19.4,13.9,354.0,1,0
71,2021-04-12,0.0,16.9,19.4,15.6,18212.0,0,0
72,2021-04-13,0.0,16.1,16.7,15.0,18640.0,0,0
73,2021-04-14,0.0,15.8,17.8,14.4,19160.0,0,0
74,2021-04-15,0.0,15.7,18.9,12.2,20064.0,0,0
75,2021-04-16,0.0,16.2,20.0,13.9,20800.0,0,0
76,2021-04-17,0.0,16.8,19.4,15.0,19579.0,0,0
77,2021-04-18,0.0,18.3,27.8,15.0,373.0,1,0
78,2021-04-19,0.0,20.3,26.7,12.2,18399.0,0,0
79,2021-04-20,0.0,17.2,18.9,15.0,19062.0,0,0
80,2021-04-21,0.0,16.2,17.8,15.0,19452.0,0,0
81,2021-04-22,0.0,15.7,17.2,14.4,19430.0,0,0
82,2021-04-23,0.5,16.1,17.8,13.9,20332.0,0,0
83,2021-04-24,0.0,16.7,19.4,15.6,19509.0,0,0
84,2021-04-25,0.0,16.9,19.4,15.6,310.0,1,0
85,2021-04-26,1.3,15.9,18.9,13.9,16945.0,0,0
86,2021-04-27,0.0,16.1,18.3,13.9,19205.0,0,0
87,2021-04-28,0.0,16.4,22.2,10.6,19274.0,0,0
88,2021-04-29,0.0,19.7,27.2,12.8,20347.0,0,0
89,2021-04-30,0.0,21.6,28.3,15.0,21340.0,0,0
90,2021-05-01,0.0,19.1,20.0,16.1,19667.0,0,0
91,2021-05-02,0.3,16.6,18.9,15.0,247.0,1,0
92,2021-05-03,0.0,17.8,21.7,16.1,18387.0,0,0
93,2021-05-04,0.0,18.7,22.8,16.7,20044.0,0,0
94,2021-05-05,0.0,18.5,22.2,16.1,17183.0,0,0
95,2021-05-06,0.0,17.8,20.0,16.1,2894.0,0,0
96,2021-05-07,0.0,17.4,20.0,16.1,21337.0,0,0
97,2021-05-08,0.0,17.8,20.0,16.7,19592.0,0,0
98,2021-05-09,0.0,17.5,20.6,16.1,256.0,1,0
99,2021-05-10,0.0,17.4,19.4,16.1,18555.0,0,0
100,2021-05-11,0.0,17.4,19.4,16.1,19328.0,0,0
101,2021-05-12,0.0,18.1,20.6,16.7,19447.0,0,0
102,2021-05-13,0.0,19.3,22.2,17.2,19947.0,0,0
103,2021-05-14,0.0,18.5,21.1,17.2,21005.0,0,0
104,2021-05-15,0.0,17.8,19.4,16.7,20342.0,0,0
105,2021-05-16,1.0,16.7,18.3,15.0,297.0,1,0
106,2021-05-17,0.5,16.9,20.0,15.6,18303.0,0,0
107,2021-05-18,0.0,17.9,21.1,16.7,19549.0,0,0
108,2021-05-19,0.0,18.3,20.6,16.7,19493.0,0,0
109,2021-05-20,0.0,17.9,19.4,16.1,20237.0,0,0
110,2021-05-21,0.0,17.1,18.9,15.0,21111.0,0,0
111,2021-05-22,0.0,16.2,18.9,13.9,19892.0,0,0
112,2021-05-23,0.0,16.7,21.1,12.2,293.0,1,0
113,2021-05-24,0.0,18.5,24.4,13.9,18811.0,0,0
114,2021-05-25,0.0,19.3,24.4,15.0,20610.0,0,0
115,2021-05-26,0.0,19.6,21.1,16.1,20477.0,0,0
116,2021-05-27,0.0,17.6,20.6,16.1,21089.0,0,0
117,2021-05-28,0.0,17.9,20.6,16.7,21597.0,0,0
118,2021-05-29,0.0,17.3,18.9,15.6,20007.0,0,0
119,2021-05-30,0.0,17.3,20.0,16.1,337.0,1,0
120,2021-05-31,0.0,17.8,21.1,16.7,624.0,0,1
121,2021-06-01,0.0,18.4,20.6,16.7,20101.0,0,0
122,2021-06-02,0.0,18.1,21.7,16.7,20288.0,0,0
123,2021-06-03,0.0,18.0,20.0,16.7,20406.0,0,0
124,2021-06-04,0.0,18.6,21.7,16.1,21601.0,0,0
125,2021-06-05,0.0,19.0,21.7,17.2,19359.0,0,0
126,2021-06-06,0.0,18.4,21.1,17.2,251.0,1,0
127,2021-06-07,0.0,18.1,19.4,16.7,18959.0,0,0
128,2021-06-08,0.0,18.6,22.2,17.2,20513.0,0,0
129,2021-06-09,0.0,19.1,22.2,16.7,20358.0,0,0
130,2021-06-10,0.0,18.4,22.8,13.9,20802.0,0,0
131,2021-06-11,0.0,19.1,24.4,14.4,21491.0,0,0
132,2021-06-12,0.0,19.6,23.9,15.0,19735.0,0,0
133,2021-06-13,0.0,20.4,23.9,17.8,369.0,1,0
134,2021-06-14,0.0,19.9,23.9,17.2,19656.0,0,0
135,2021-06-15,0.0,21.7,30.6,18.3,20588.0,0,0
136,2021-06-16,0.0,20.8,22.2,18.3,21133.0,0,0
137,2021-06-17,0.0,19.9,22.8,16.1,21193.0,0,0
138,2021-06-18,0.0,19.8,21.7,18.3,21326.0,0,1
139,2021-06-19,0.0,20.0,22.8,18.9,19861.0,0,0
140,2021-06-20,0.0,20.0,22.8,17.8,282.0,1,0
141,2021-06-21,0.0,19.9,23.9,18.3,19670.0,0,0
142,2021-06-22,0.0,20.3,22.2,19.4,20942.0,0,0
143,2021-06-23,0.3,20.7,23.3,19.4,20828.0,0,0
144,2021-06-24,0.0,20.6,23.3,18.9,21202.0,0,0
145,2021-06-25,0.0,20.2,23.9,18.3,22270.0,0,0
146,2021-06-26,0.0,20.6,22.8,18.9,20379.0,0,0
147,2021-06-27,0.0,20.3,22.8,18.9,231.0,1,0
148,2021-06-28,0.0,19.7,21.7,18.9,19586.0,0,0
149,2021-06-29,0.0,20.1,22.2,18.9,21065.0,0,0
150,2021-06-30,0.0,20.4,22.8,19.4,21525.0,0,0
151,2021-07-01,0.0,20.7,23.9,18.9,22027.0,0,0
152,2021-07-02,0.0,21.1,23.9,19.4,22388.0,0,0
153,2021-07-03,0.0,20.8,23.3,19.4,19582.0,0,0
154,2021-07-04,0.0,20.6,23.3,19.4,235.0,1,0
155,2021-07-05,0.0,20.9,23.9,19.4,1443.0,0,1
156,2021-07-06,0.0,20.8,23.3,18.9,21166.0,0,0
157,2021-07-07,0.0,20.4,23.3,18.9,21228.0,0,0
158,2021-07-08,0.0,21.3,24.4,19.4,20954.0,0,0
159,2021-07-09,0.0,22.3,25.6,20.0,21467.0,0,0
160,2021-07-10,0.0,23.3,27.2,20.6,19287.0,0,0
161,2021-07-11,0.0,22.6,23.9,20.6,297.0,1,0
162,2021-07-12,0.0,22.1,24.4,20.6,19851.0,0,0
163,2021-07-13,0.0,22.6,25.6,20.6,20833.0,0,0
164,2021-07-14,0.0,22.4,25.0,21.1,21445.0,0,0
165,2021-07-15,0.0,22.7,25.6,21.1,21520.0,0,0
166,2021-07-16,0.0,22.9,26.1,21.1,21947.0,0,0
167,2021-07-17,0.0,22.9,26.1,21.1,19737.0,0,0
168,2021-07-18,0.0,23.9,27.8,22.2,319.0,1,0
169,2021-07-19,0.0,24.4,27.8,21.7,20136.0,0,0
170,2021-07-20,0.0,24.2,28.9,21.7,21068.0,0,0
171,2021-07-21,0.0,23.8,27.2,21.1,21154.0,0,0
172,2021-07-22,0.0,23.1,25.6,21.1,21233.0,0,0
173,2021-07-23,0.0,22.3,26.1,20.6,21539.0,0,0
174,2021-07-24,0.0,22.5,25.0,21.1,19729.0,0,0
175,2021-07-25,0.0,22.3,25.0,21.1,331.0,1,0
176,2021-07-26,0.0,22.4,23.9,21.1,19702.0,0,0
177,2021-07-27,0.0,22.5,25.0,21.1,21002.0,0,0
178,2021-07-28,0.0,22.4,26.1,20.6,20966.0,0,0
179,2021-07-29,0.0,22.4,25.6,20.0,21323.0,0,0
180,2021-07-30,0.0,21.9,25.0,19.4,21597.0,0,0
181,2021-07-31,0.0,21.2,25.0,18.3,19468.0,0,0
182,2021-08-01,0.0,21.1,26.7,17.8,297.0,1,0
183,2021-08-02,0.0,22.6,27.2,21.1,18678.0,0,0
184,2021-08-03,0.0,22.1,25.6,18.3,20265.0,0,0
185,2021-08-04,0.0,21.4,24.4,19.4,20000.0,0,0
186,2021-08-05,0.0,21.6,25.6,18.9,20652.0,0,0
187,2021-08-06,0.0,20.2,23.3,18.3,20658.0,0,0
188,2021-08-07,0.0,20.6,23.3,18.3,19481.0,0,0
189,2021-08-08,0.0,21.1,23.9,19.4,312.0,1,0
190,2021-08-09,0.0,21.8,25.6,19.4,18750.0,0,0
191,2021-08-10,0.0,22.4,26.1,21.1,20102.0,0,0
192,2021-08-11,5.8,23.8,27.8,21.1,20257.0,0,0
193,2021-08-12,0.0,24.7,28.3,21.7,20907.0,0,0
194,2021-08-13,0.0,25.1,30.0,21.7,20797.0,0,0
195,2021-08-14,0.0,24.3,28.3,21.1,19706.0,0,0
196,2021-08-15,0.0,23.0,26.1,21.1,327.0,1,0
197,2021-08-16,0.0,23.3,26.1,21.7,16628.0,0,0
198,2021-08-17,0.0,23.5,25.6,22.2,2673.0,0,0
199,2021-08-18,0.0,23.8,26.1,22.8,20236.0,0,0
200,2021-08-19,0.0,23.4,25.6,21.7,20900.0,0,0
201,2021-08-20,0.0,22.6,24.4,21.7,21363.0,0,0
202,2021-08-21,0.0,22.4,25.6,20.0,19656.0,0,0
203,2021-08-22,0.0,22.6,25.0,21.1,257.0,1,0
204,2021-08-23,0.0,22.9,25.6,20.6,18475.0,0,0
205,2021-08-24,0.0,22.1,25.6,19.4,20150.0,0,0
206,2021-08-25,0.0,22.8,26.7,20.0,20480.0,0,0
207,2021-08-26,0.0,23.7,27.8,20.6,20539.0,0,0
208,2021-08-27,0.0,22.9,26.1,20.0,21277.0,0,0
209,2021-08-28,0.0,22.2,25.0,20.0,19101.0,0,0
210,2021-08-29,0.0,21.9,25.0,20.6,256.0,1,0
211,2021-08-30,0.0,22.3,25.6,21.1,18832.0,0,0
212,2021-08-31,0.0,21.8,23.3,20.0,19528.0,0,0
213,2021-09-01,0.0,22.3,25.0,21.1,20042.0,0,0
214,2021-09-02,0.0,22.8,25.6,21.7,20693.0,0,0
215,2021-09-03,0.0,22.3,24.4,20.0,21513.0,0,0
216,2021-09-04,0.0,22.1,28.3,19.4,19381.0,0,0
217,2021-09-05,0.0,23.8,26.1,19.4,331.0,1,0
218,2021-09-06,0.0,22.5,25.0,21.1,574.0,0,1
219,2021-09-07,0.0,23.4,27.2,21.7,19684.0,0,0
220,2021-09-08,0.0,23.7,27.8,21.7,19789.0,0,0
221,2021-09-09,0.0,23.5,29.4,21.1,19712.0,0,0
222,2021-09-10,0.0,24.1,27.2,21.7,20276.0,0,0
223,2021-09-11,0.0,24.0,29.4,21.1,18625.0,0,0
224,2021-09-12,0.0,23.9,26.7,20.6,275.0,1,0
225,2021-09-13,0.0,21.7,24.4,18.9,17854.0,0,0
226,2021-09-14,0.0,20.8,25.0,18.9,19566.0,0,0
227,2021-09-15,0.0,21.0,24.4,19.4,19286.0,0,0
228,2021-09-16,0.0,21.0,23.9,18.9,19518.0,0,0
229,2021-09-17,0.0,20.7,23.9,19.4,20217.0,0,0
230,2021-09-18,0.0,21.2,23.9,19.4,18341.0,0,0
231,2021-09-19,0.0,20.7,23.9,17.8,257.0,1,0
232,2021-09-20,0.0,20.3,24.4,16.7,17489.0,0,0
233,2021-09-21,0.0,22.7,28.9,18.3,18975.0,0,0
234,2021-09-22,0.0,24.2,30.0,20.6,18883.0,0,0
235,2021-09-23,0.0,23.4,25.0,18.9,19072.0,0,0
236,2021-09-24,12.7,21.1,24.4,18.9,16781.0,0,0
237,2021-09-25,0.0,20.7,23.3,19.4,349.0,0,1
238,2021-09-26,0.0,20.3,21.1,19.4,44.0,1,0
239,2021-09-27,0.0,19.9,21.1,18.9,17575.0,0,0
240,2021-09-28,0.0,20.1,22.2,19.4,18805.0,0,0
241,2021-09-29,0.0,20.7,23.9,18.9,19609.0,0,0
242,2021-09-30,0.0,20.6,25.0,15.6,19773.0,0,0
243,2021-10-01,0.0,22.0,32.2,14.4,20747.0,0,0
244,2021-10-02,0.0,22.8,30.0,15.6,18135.0,0,0
245,2021-10-03,0.0,23.0,31.1,16.1,256.0,1,0
246,2021-10-04,11.9,23.9,28.9,18.9,18240.0,0,0
247,2021-10-05,4.3,22.2,24.4,19.4,19289.0,0,0
248,2021-10-06,0.0,21.3,23.3,20.0,19166.0,0,0
249,2021-10-07,0.0,20.7,22.8,19.4,19502.0,0,0
250,2021-10-08,4.1,20.1,21.7,16.7,20216.0,0,0
251,2021-10-09,0.0,18.7,22.2,15.6,18030.0,0,0
252,2021-10-10,0.0,18.8,23.3,13.9,258.0,1,0
253,2021-10-11,0.0,19.1,21.1,16.1,16653.0,0,1
254,2021-10-12,0.0,19.2,21.7,13.3,18997.0,0,0
255,2021-10-13,0.0,16.5,22.8,10.0,19558.0,0,0
256,2021-10-14,0.0,17.0,22.2,11.1,19869.0,0,0
257,2021-10-15,0.0,19.2,29.4,11.7,20025.0,0,0
258,2021-10-16,0.0,21.0,30.0,12.2,18160.0,0,0
259,2021-10-17,0.0,19.6,23.9,12.8,272.0,1,0
260,2021-10-18,0.0,18.3,20.6,12.8,17848.0,0,0
261,2021-10-19,0.0,15.9,20.6,11.1,18846.0,0,0
262,2021-10-20,0.0,16.5,21.1,11.7,18956.0,0,0
263,2021-10-21,0.0,17.3,22.2,12.2,18749.0,0,0
264,2021-10-22,0.0,17.9,20.6,16.7,20184.0,0,0
265,2021-10-23,0.0,17.9,20.6,16.1,18430.0,0,0
266,2021-10-24,0.0,18.9,21.7,16.7,221.0,1,0
267,2021-10-25,5.3,18.6,20.6,13.9,16956.0,0,0
268,2021-10-26,0.0,16.9,20.6,13.3,18787.0,0,0
269,2021-10-27,0.0,17.6,26.1,12.2,18768.0,0,0
270,2021-10-28,0.0,20.1,29.4,13.3,19440.0,0,0
271,2021-10-29,0.0,20.7,26.1,15.0,20510.0,0,0
272,2021-10-30,0.0,18.2,20.0,16.1,17312.0,0,0
273,2021-10-31,0.0,18.3,21.1,16.7,232.0,1,0
274,2021-11-01,0.0,17.9,21.7,15.0,17371.0,0,0
275,2021-11-02,0.0,18.3,20.0,15.0,18474.0,0,0
276,2021-11-03,0.0,17.1,20.0,15.0,18673.0,0,0
277,2021-11-04,0.0,17.1,19.4,15.0,19305.0,0,0
278,2021-11-05,0.0,16.8,20.6,15.0,19629.0,0,0
279,2021-11-06,0.0,17.2,20.6,16.1,17290.0,0,0
280,2021-11-07,0.0,17.6,20.6,15.0,188.0,1,0
281,2021-11-08,0.0,17.3,19.4,15.0,18008.0,0,0
282,2021-11-09,0.0,17.3,20.6,13.9,19055.0,0,0
283,2021-11-10,0.0,18.4,21.1,15.6,19165.0,0,0
284,2021-11-11,0.0,19.6,29.4,13.3,2050.0,0,1
285,2021-11-12,0.0,22.7,33.3,14.4,20491.0,0,0
286,2021-11-13,0.0,22.1,29.4,13.9,17908.0,0,0
287,2021-11-14,0.0,20.8,30.6,13.3,272.0,1,0
288,2021-11-15,0.0,19.3,27.2,12.2,17825.0,0,0
289,2021-11-16,0.0,16.3,18.9,13.3,18852.0,0,0
290,2021-11-17,0.0,17.6,20.6,14.4,19137.0,0,0
291,2021-11-18,0.0,16.4,18.9,12.8,19287.0,0,0
292,2021-11-19,0.0,17.2,19.4,15.0,19834.0,0,0
293,2021-11-20,0.0,16.9,18.9,15.6,17856.0,0,0
294,2021-11-21,0.0,17.7,26.7,12.2,296.0,1,0
295,2021-11-22,0.0,20.2,27.8,13.3,17935.0,0,0
296,2021-11-23,0.0,16.9,18.9,11.7,19344.0,0,0
297,2021-11-24,0.0,16.5,19.4,11.7,19252.0,0,0
298,2021-11-25,0.0,15.7,26.1,7.2,263.0,0,1
299,2021-11-26,0.0,17.2,25.6,9.4,14986.0,0,0
300,2021-11-27,0.0,15.4,23.9,7.8,16487.0,0,0
301,2021-11-28,0.0,15.1,25.0,7.8,217.0,1,0
302,2021-11-29,0.0,14.5,23.3,7.8,16989.0,0,0
303,2021-11-30,0.0,14.6,18.3,11.7,17963.0,0,0
304,2021-12-01,0.0,14.4,18.9,12.2,18418.0,0,0
305,2021-12-02,0.0,14.9,16.7,13.9,18520.0,0,0
306,2021-12-03,0.0,14.7,17.2,13.3,19190.0,0,0
307,2021-12-04,0.0,14.8,17.2,13.3,17556.0,0,0
308,2021-12-05,0.0,14.8,17.8,10.6,247.0,1,0
309,2021-12-06,0.0,12.6,16.1,8.3,16555.0,0,0
310,2021-12-07,0.0,15.3,16.7,10.0,17873.0,0,0
311,2021-12-08,0.0,13.4,20.6,8.9,18569.0,0,0
312,2021-12-09,2.8,15.6,17.2,12.8,17300.0,0,0
313,2021-12-10,0.0,13.3,16.1,8.9,18850.0,0,0
314,2021-12-11,0.0,12.3,19.4,6.7,17051.0,0,0
315,2021-12-12,0.0,11.8,17.8,5.0,186.0,1,0
316,2021-12-13,0.0,12.6,15.6,9.4,16095.0,0,0
317,2021-12-14,24.9,14.7,16.1,11.7,12626.0,0,0
318,2021-12-15,0.0,11.8,15.0,7.2,17246.0,0,0
319,2021-12-16,0.0,9.7,14.4,3.3,17287.0,0,0
320,2021-12-17,0.3,13.3,17.8,8.9,18042.0,0,0
321,2021-12-18,0.0,11.7,18.3,3.9,15707.0,0,0
322,2021-12-19,0.0,10.7,17.2,4.4,228.0,1,0
323,2021-12-20,0.0,10.2,17.2,3.9,16656.0,0,0
324,2021-12-21,0.0,13.6,18.9,10.6,17538.0,0,0
325,2021-12-22,0.0,13.4,17.8,9.4,17529.0,0,0
326,2021-12-23,12.7,15.4,17.8,12.2,16059.0,0,0
327,2021-12-24,8.1,14.8,17.2,12.2,1348.0,0,1
328,2021-12-25,4.6,13.4,14.4,12.2,1669.0,0,1
329,2021-12-26,2.0,13.4,15.6,7.8,222.0,1,0
330,2021-12-27,1.3,10.5,13.3,7.2,14369.0,0,0
331,2021-12-28,2.0,12.4,13.9,10.0,16133.0,0,0
332,2021-12-29,6.9,11.2,14.4,8.9,15409.0,0,0
333,2021-12-30,0.0,14.4,17.8,12.8,15887.0,0,0
334,2021-12-31,0.0,14.6,17.8,12.2,1237.0,0,1
335,2022-01-01,0.0,15.4,17.8,11.7,5566.0,0,1
336,2022-01-02,0.0,14.3,19.4,7.2,197.0,1,0
337,2022-01-03,0.0,10.2,15.6,3.3,13620.0,0,0
338,2022-01-04,0.0,9.9,15.6,4.4,13767.0,0,0
339,2022-01-05,0.0,11.0,18.3,5.6,13955.0,0,0
340,2022-01-06,0.0,12.1,18.3,6.7,14176.0,0,0
341,2022-01-07,0.0,12.6,15.0,10.0,15376.0,0,0
342,2022-01-08,0.0,13.8,16.1,9.4,14484.0,0,0
343,2022-01-09,0.0,12.3,20.6,6.7,170.0,1,0
344,2022-01-10,0.0,13.1,22.2,7.2,13726.0,0,0
345,2022-01-11,0.0,14.6,24.4,8.3,15045.0,0,0
346,2022-01-12,0.0,14.9,23.3,8.3,15610.0,0,0
347,2022-01-13,0.0,14.8,22.2,10.0,16733.0,0,0
348,2022-01-14,0.0,16.5,21.1,12.2,18109.0,0,0
349,2022-01-15,0.8,15.1,21.1,11.1,16210.0,0,0
350,2022-01-16,0.0,17.2,19.4,12.8,236.0,1,0
351,2022-01-17,3.3,15.8,18.9,12.8,1209.0,0,1
352,2022-01-18,0.0,14.8,17.2,12.8,17084.0,0,0
353,2022-01-19,0.0,15.4,17.8,11.1,17628.0,0,0
354,2022-01-20,0.0,13.4,20.0,8.3,17957.0,0,0
355,2022-01-21,0.0,13.0,16.7,7.2,19151.0,0,0
356,2022-01-22,0.0,13.6,20.6,7.8,17941.0,0,0
357,2022-01-23,0.0,13.9,21.1,7.2,238.0,1,0
358,2022-01-24,0.0,13.4,18.9,7.2,16604.0,0,0
359,2022-01-25,0.0,14.2,16.7,8.3,17720.0,0,0
360,2022-01-26,0.0,13.4,19.4,8.3,18370.0,0,0
361,2022-01-27,0.0,12.9,21.1,5.6,18855.0,0,0
362,2022-01-28,0.0,13.4,25.0,6.1,19573.0,0,0
363,2022-01-29,0.0,13.2,20.6,7.2,17966.0,0,0
364,2022-01-30,0.0,12.5,19.4,5.6,262.0,1,0
365,2022-01-31,0.0,11.8,16.7,6.1,16807.0,0,0
366,2022-02-01,0.0,14.3,17.2,10.0,17619.0,0,0
367,2022-02-02,0.0,12.7,18.9,7.2,18514.0,0,0
368,2022-02-03,0.0,11.4,17.8,3.9,18860.0,0,0
369,2022-02-04,0.0,11.8,19.4,4.4,19957.0,0,0
370,2022-02-05,0.0,12.1,20.0,3.9,18347.0,0,0
371,2022-02-06,0.0,12.4,22.2,4.4,245.0,1,0
372,2022-02-07,0.0,14.9,23.3,6.7,17357.0,0,0
373,2022-02-08,0.0,15.5,24.4,6.7,17839.0,0,0
374,2022-02-09,0.0,16.6,29.4,7.2,18232.0,0,0
375,2022-02-10,0.0,18.8,27.8,10.0,19035.0,0,0
376,2022-02-11,0.0,18.2,27.2,10.0,19924.0,0,0
377,2022-02-12,0.0,18.6,32.8,9.4,18849.0,0,0
378,2022-02-13,0.0,18.6,28.3,8.9,226.0,1,0
379,2022-02-14,0.0,16.4,23.9,8.3,19082.0,0,0
380,2022-02-15,5.6,14.2,15.6,9.4,17607.0,0,0
381,2022-02-16,0.0,12.0,16.7,7.8,19042.0,0,0
382,2022-02-17,0.0,13.5,21.7,7.8,19212.0,0,0
383,2022-02-18,0.0,13.1,20.6,5.0,20379.0,0,0
384,2022-02-19,0.0,12.9,20.0,5.6,18518.0,0,0
385,2022-02-20,0.0,13.4,17.2,10.0,241.0,1,0
386,2022-02-21,0.0,14.6,16.7,12.8,1185.0,0,1
387,2022-02-22,6.9,13.6,15.6,11.1,18486.0,0,0
388,2022-02-23,5.3,11.4,13.3,8.9,18622.0,0,0
389,2022-02-24,0.0,10.5,15.6,4.4,19203.0,0,0
390,2022-02-25,0.0,10.1,15.6,3.3,19639.0,0,0
391,2022-02-26,0.0,11.6,19.4,4.4,18553.0,0,0
392,2022-02-27,0.0,13.8,20.6,6.1,231.0,1,0
393,2022-02-28,0.0,14.6,23.9,6.7,17240.0,0,0
394,2022-03-01,0.0,15.8,24.4,7.2,18352.0,0,0
395,2022-03-02,0.0,16.8,25.6,7.8,18730.0,0,0
396,2022-03-03,0.0,14.7,16.1,11.1,18976.0,0,0
397,2022-03-04,15.7,14.5,17.2,11.7,19878.0,0,0
398,2022-03-05,0.3,13.8,15.0,11.7,17836.0,0,0
399,2022-03-06,0.0,12.6,16.1,9.4,184.0,1,0
400,2022-03-07,0.0,12.4,17.8,6.7,17659.0,0,0
401,2022-03-08,0.0,13.2,19.4,5.6,19101.0,0,0
402,2022-03-09,0.0,12.9,17.2,6.7,18937.0,0,0
403,2022-03-10,0.0,15.0,17.8,11.7,19557.0,0,0
404,2022-03-11,0.0,13.9,20.6,7.8,20216.0,0,0
405,2022-03-12,0.0,14.4,22.2,6.7,18661.0,0,0
406,2022-03-13,0.0,13.9,17.2,9.4,251.0,1,0
407,2022-03-14,0.0,14.8,18.9,11.1,17754.0,0,0
408,2022-03-15,0.0,14.8,18.9,10.6,18974.0,0,0
409,2022-03-16,0.0,16.1,19.4,13.3,19169.0,0,0
410,2022-03-17,0.0,16.1,23.3,10.6,19703.0,0,0
411,2022-03-18,0.0,16.4,23.3,10.0,20436.0,0,0
412,2022-03-19,1.5,16.0,18.9,12.8,18929.0,0,0
413,2022-03-20,5.8,14.9,17.8,12.8,280.0,1,0
414,2022-03-21,0.0,15.1,19.4,11.1,19050.0,0,0
415,2022-03-22,0.0,16.9,25.0,11.1,19701.0,0,0
416,2022-03-23,0.0,20.2,29.4,12.8,19662.0,0,0
417,2022-03-24,0.0,18.9,22.2,12.8,20075.0,0,0
418,2022-03-25,0.0,16.3,19.4,13.3,20397.0,0,0
419,2022-03-26,0.0,15.4,18.9,12.8,18402.0,0,0
420,2022-03-27,0.0,15.0,17.2,13.3,298.0,1,0
421,2022-03-28,12.2,15.9,18.9,12.2,17004.0,0,0
422,2022-03-29,5.3,14.6,17.2,12.2,19527.0,0,0
423,2022-03-30,0.0,15.4,18.3,12.8,19405.0,0,0
424,2022-03-31,0.0,15.2,16.7,13.9,2888.0,0,1
425,2022-04-01,0.0,16.1,20.0,14.4,20014.0,0,0
426,2022-04-02,0.0,15.9,16.7,14.4,18045.0,0,0
427,2022-04-03,0.3,15.6,17.2,13.9,186.0,1,0
428,2022-04-04,0.0,16.3,18.9,13.3,17885.0,0,0
429,2022-04-05,0.0,15.3,20.0,11.7,18767.0,0,0
430,2022-04-06,0.0,17.3,22.2,12.8,19770.0,0,0
431,2022-04-07,0.0,19.2,31.7,12.8,19563.0,0,0
432,2022-04-08,0.0,24.3,35.0,14.4,20068.0,0,0
433,2022-04-09,0.0,20.7,21.1,15.0,18185.0,0,0
434,2022-04-10,0.0,16.8,19.4,15.6,246.0,1,0
435,2022-04-11,0.0,16.3,18.3,13.9,18512.0,0,0
436,2022-04-12,0.0,15.7,18.9,12.8,19235.0,0,0
437,2022-04-13,0.0,14.7,18.9,10.6,19995.0,0,0
438,2022-04-14,0.0,14.2,18.9,8.9,20555.0,0,0
439,2022-04-15,0.0,15.7,19.4,12.2,21787.0,0,0
440,2022-04-16,0.0,16.2,18.9,15.0,18413.0,0,0
441,2022-04-17,0.0,16.3,19.4,13.9,226.0,1,0
442,2022-04-18,0.0,16.1,20.6,13.9,18555.0,0,0
443,2022-04-19,0.0,16.5,20.6,13.3,19730.0,0,0
444,2022-04-20,0.0,16.5,19.4,13.3,19581.0,0,0
445,2022-04-21,0.0,15.3,19.4,11.1,19977.0,0,0
446,2022-04-22,0.3,16.3,18.9,12.8,20855.0,0,0
447,2022-04-23,0.0,14.8,18.9,10.6,18969.0,0,0
448,2022-04-24,0.0,17.2,26.1,11.1,266.0,1,0
449,2022-04-25,0.0,20.0,27.8,11.7,17571.0,0,0
450,2022-04-26,0.0,18.2,22.8,11.7,18800.0,0,0
451,2022-04-27,0.0,16.3,17.8,13.9,19085.0,0,0
452,2022-04-28,0.0,15.3,17.8,13.9,19467.0,0,0
453,2022-04-29,0.0,15.9,19.4,12.8,20278.0,0,0
454,2022-04-30,0.0,16.3,20.0,12.2,18562.0,0,0
455,2022-05-01,0.0,16.6,18.9,14.4,226.0,1,0
456,2022-05-02,0.0,15.7,18.3,14.4,17966.0,0,0
457,2022-05-03,0.0,16.3,17.8,13.9,18910.0,0,0
458,2022-05-04,0.0,15.6,20.0,12.2,19115.0,0,0
459,2022-05-05,0.0,17.3,20.6,14.4,19607.0,0,0
460,2022-05-06,0.0,16.3,19.4,14.4,20314.0,0,0
461,2022-05-07,0.0,17.2,18.9,15.6,18168.0,0,0
462,2022-05-08,0.0,16.3,18.3,14.4,220.0,1,0
463,2022-05-09,0.0,15.7,19.4,13.3,17661.0,0,0
464,2022-05-10,0.0,15.3,18.9,11.1,19350.0,0,0
465,2022-05-11,0.0,14.9,18.3,11.7,19129.0,0,0
466,2022-05-12,0.0,16.2,23.9,9.4,19205.0,0,0
467,2022-05-13,0.0,18.8,25.0,11.7,19945.0,0,0
468,2022-05-14,0.0,20.2,27.2,12.8,17966.0,0,0
469,2022-05-15,0.0,19.4,21.1,15.0,237.0,1,0
470,2022-05-16,0.0,16.2,19.4,14.4,17564.0,0,0
471,2022-05-17,0.0,16.0,17.8,13.9,18606.0,0,0
472,2022-05-18,0.0,16.2,18.3,15.0,17674.0,0,0
473,2022-05-19,0.0,15.8,18.3,14.4,15.0,0,1
474,2022-05-20,0.5,16.0,18.3,14.4,49.0,0,1
475,2022-05-21,0.0,16.1,18.9,15.0,91.0,0,1
476,2022-05-22,0.0,16.6,20.0,14.4,2.0,1,0
477,2022-05-23,0.0,15.5,18.3,13.9,2122.0,0,1
478,2022-05-24,0.0,15.8,17.8,14.4,19050.0,0,0
479,2022-05-25,0.0,15.6,18.9,12.8,18986.0,0,0
480,2022-05-26,0.0,16.8,18.9,15.6,18963.0,0,0
481,2022-05-27,0.0,16.8,20.0,15.6,20059.0,0,0
482,2022-05-28,0.0,16.9,18.3,15.6,17690.0,0,0
483,2022-05-29,0.0,17.1,19.4,15.6,286.0,1,0
484,2022-05-30,0.0,17.1,20.0,15.6,534.0,0,1
485,2022-05-31,0.0,17.4,20.0,15.6,18590.0,0,0
486,2022-06-01,0.0,17.4,19.4,16.1,18900.0,0,0
487,2022-06-02,0.0,16.6,19.4,15.0,19208.0,0,0
488,2022-06-03,0.0,16.3,19.4,15.0,20125.0,0,0
489,2022-06-04,0.0,17.4,20.0,16.1,18003.0,0,0
490,2022-06-05,0.0,17.9,21.1,16.7,257.0,1,0
491,2022-06-06,0.0,18.4,21.1,16.1,18129.0,0,0
492,2022-06-07,0.0,17.5,19.4,16.1,18990.0,0,0
493,2022-06-08,0.0,17.6,20.6,16.1,19220.0,0,0
494,2022-06-09,0.0,17.6,20.6,16.1,19204.0,0,0
495,2022-06-10,0.0,18.0,21.7,15.6,18239.0,0,0
496,2022-06-11,0.0,18.8,21.7,16.7,118.0,0,1
497,2022-06-12,0.0,18.3,20.0,16.7,68.0,1,0
498,2022-06-13,0.0,17.6,19.4,16.7,17546.0,0,0
499,2022-06-14,0.0,18.1,20.6,16.7,18993.0,0,0
500,2022-06-15,0.0,17.7,20.0,16.1,19381.0,0,0
501,2022-06-16,0.0,17.9,20.6,16.7,19796.0,0,0
502,2022-06-17,0.0,18.1,20.0,16.7,19953.0,0,0
503,2022-06-18,0.0,17.7,20.0,16.1,17546.0,0,0
504,2022-06-19,0.0,17.9,22.2,13.3,206.0,1,0
505,2022-06-20,0.0,19.6,25.0,14.4,17203.0,0,1
506,2022-06-21,0.0,19.9,22.8,18.3,19352.0,0,0
507,2022-06-22,0.0,20.3,23.3,17.8,19203.0,0,0
508,2022-06-23,0.0,20.9,24.4,18.9,17316.0,0,0
509,2022-06-24,0.0,20.8,23.3,17.8,1905.0,0,1
510,2022-06-25,0.0,19.9,22.2,16.1,17516.0,0,0
511,2022-06-26,0.0,19.4,22.8,16.7,233.0,1,0
512,2022-06-27,0.0,19.7,23.9,16.7,17737.0,0,0
513,2022-06-28,0.0,21.3,25.0,18.3,18746.0,0,0
514,2022-06-29,0.0,21.5,24.4,18.9,19488.0,0,0
515,2022-06-30,0.0,20.9,24.4,18.9,19731.0,0,0
516,2022-07-01,0.0,20.6,22.8,18.9,20539.0,0,0
517,2022-07-02,0.0,20.4,22.2,18.3,17684.0,0,0
518,2022-07-03,0.0,19.3,21.1,17.8,285.0,1,0
519,2022-07-04,0.0,19.1,20.6,17.8,325.0,0,1
520,2022-07-05,0.0,19.6,22.2,18.9,18852.0,0,0
521,2022-07-06,0.0,20.6,22.8,18.9,19226.0,0,0
522,2022-07-07,0.0,19.7,21.7,18.3,19173.0,0,0
523,2022-07-08,0.0,19.5,22.2,18.3,19842.0,0,0
524,2022-07-09,0.0,20.0,22.2,17.8,17381.0,0,0
525,2022-07-10,0.0,19.8,22.8,17.2,226.0,1,0
526,2022-07-11,0.0,19.5,21.1,17.8,17557.0,0,0
527,2022-07-12,0.0,18.6,21.7,17.2,18654.0,0,0
528,2022-07-13,0.0,18.9,21.7,17.2,19462.0,0,0
529,2022-07-14,0.0,19.3,21.7,17.8,19569.0,0,0
530,2022-07-15,0.0,19.1,21.7,17.8,20528.0,0,0
531,2022-07-16,0.0,18.9,21.7,17.8,16976.0,0,0
532,2022-07-17,0.0,18.9,21.7,17.2,220.0,1,0
533,2022-07-18,0.0,20.2,25.0,18.3,18163.0,0,0
534,2022-07-19,0.0,21.8,25.6,19.4,18994.0,0,0
535,2022-07-20,0.0,22.0,26.7,20.0,19304.0,0,0
536,2022-07-21,0.0,22.2,25.6,18.9,19655.0,0,0
537,2022-07-22,0.0,20.8,23.3,18.9,19555.0,0,0
538,2022-07-23,0.0,20.4,23.3,18.9,17319.0,0,0
539,2022-07-24,0.0,20.8,23.3,18.9,225.0,1,0
540,2022-07-25,0.0,21.4,23.3,19.4,17776.0,0,0
541,2022-07-26,0.0,20.9,24.4,19.4,19326.0,0,0
542,2022-07-27,0.0,21.8,24.4,19.4,19915.0,0,0
543,2022-07-28,0.0,21.2,24.4,19.4,20026.0,0,0
544,2022-07-29,0.0,20.8,23.9,18.9,20034.0,0,0
545,2022-07-30,0.0,21.9,25.6,20.0,17590.0,0,0
546,2022-07-31,0.0,22.8,26.1,20.6,239.0,1,0
547,2022-08-01,0.0,23.2,26.7,21.1,18035.0,0,0
548,2022-08-02,0.0,23.4,26.1,21.1,18785.0,0,0
549,2022-08-03,0.0,22.7,25.0,20.6,19278.0,0,0
550,2022-08-04,0.0,21.9,26.1,20.0,19318.0,0,0
551,2022-08-05,0.0,22.8,26.7,20.6,20040.0,0,0
552,2022-08-06,0.0,22.7,25.6,20.6,17410.0,0,0
553,2022-08-07,0.0,22.6,26.1,19.4,277.0,1,0
554,2022-08-08,0.0,22.6,27.2,20.0,17693.0,0,0
555,2022-08-09,0.0,24.4,29.4,21.1,19356.0,0,0
556,2022-08-10,0.0,25.1,29.4,22.2,19378.0,0,0
557,2022-08-11,0.0,24.1,28.3,20.6,19514.0,0,0
558,2022-08-12,0.0,23.4,27.8,20.6,20203.0,0,0
559,2022-08-13,0.0,23.7,26.7,21.1,17482.0,0,0
560,2022-08-14,0.0,23.4,27.2,21.1,265.0,1,0
561,2022-08-15,0.0,23.9,26.1,21.1,17927.0,0,0
562,2022-08-16,0.0,23.1,26.7,20.6,18982.0,0,0
563,2022-08-17,0.0,23.3,27.2,20.6,19624.0,0,0
564,2022-08-18,0.0,23.7,27.2,20.6,19007.0,0,0
565,2022-08-19,0.0,22.0,25.0,20.0,19897.0,0,0
566,2022-08-20,0.0,21.7,24.4,20.6,17408.0,0,0
567,2022-08-21,0.0,21.9,23.9,20.0,233.0,1,0
568,2022-08-22,0.0,22.1,26.1,20.6,17939.0,0,0
569,2022-08-23,0.0,21.9,24.4,20.6,18761.0,0,0
570,2022-08-24,0.0,22.1,24.4,20.6,19292.0,0,0
571,2022-08-25,0.0,22.9,26.1,21.1,19710.0,0,0
572,2022-08-26,0.0,23.9,26.7,21.7,19956.0,0,0
573,2022-08-27,0.0,22.8,25.0,21.1,18084.0,0,0
574,2022-08-28,0.0,22.4,24.4,21.1,252.0,1,0
575,2022-08-29,0.0,22.7,25.6,21.7,17694.0,0,0
576,2022-08-30,0.0,23.3,27.8,20.6,18380.0,0,0
577,2022-08-31,0.0,24.7,29.4,20.6,19050.0,0,0
578,2022-09-01,0.0,25.1,29.4,21.1,19036.0,0,0
579,2022-09-02,0.0,25.6,31.7,22.2,19695.0,0,0
580,2022-09-03,0.0,27.1,35.0,23.3,17175.0,0,0
581,2022-09-04,0.0,30.6,32.8,25.6,278.0,1,0
582,2022-09-05,0.0,27.1,31.7,23.3,518.0,0,1
583,2022-09-06,0.0,25.8,30.0,22.8,18410.0,0,0
584,2022-09-07,0.0,26.3,31.7,22.8,18205.0,0,0
585,2022-09-08,0.5,26.8,34.4,23.9,18525.0,0,0
586,2022-09-09,16.0,28.1,31.7,21.1,16699.0,0,0
587,2022-09-10,0.0,23.4,26.7,22.2,17687.0,0,0
588,2022-09-11,0.0,25.2,28.9,23.3,215.0,1,0
589,2022-09-12,0.0,24.8,27.2,22.8,17401.0,0,0
590,2022-09-13,0.0,23.9,26.7,21.1,17973.0,0,0
591,2022-09-14,0.0,21.8,24.4,20.6,18060.0,0,0
592,2022-09-15,0.0,21.8,23.9,19.4,18655.0,0,0
593,2022-09-16,0.0,21.2,24.4,18.9,19879.0,0,0
594,2022-09-17,0.0,21.2,23.9,18.9,17731.0,0,0
595,2022-09-18,0.0,21.2,22.8,18.3,320.0,1,0
596,2022-09-19,0.0,20.7,24.4,18.3,17602.0,0,0
597,2022-09-20,0.0,21.4,25.6,17.8,17668.0,0,0
598,2022-09-21,0.0,22.4,25.6,19.4,18093.0,0,0
599,2022-09-22,0.0,21.6,26.1,16.7,18469.0,0,0
600,2022-09-23,0.0,22.6,27.2,19.4,18871.0,0,0
601,2022-09-24,0.0,23.3,27.2,20.0,16878.0,0,0
602,2022-09-25,0.0,23.5,26.7,20.6,233.0,1,0
603,2022-09-26,0.0,22.9,26.7,20.0,17097.0,0,0
604,2022-09-27,0.0,23.2,29.4,20.0,18280.0,0,0
605,2022-09-28,0.0,22.3,26.1,20.0,18165.0,0,0
606,2022-09-29,0.0,20.8,25.0,18.9,18606.0,0,0
607,2022-09-30,0.0,21.0,22.8,19.4,19191.0,0,0
608,2022-10-01,0.0,20.3,22.8,18.9,16907.0,0,0
609,2022-10-02,0.0,20.9,23.3,20.0,237.0,1,0
610,2022-10-03,0.0,21.2,22.8,20.0,16868.0,0,0
611,2022-10-04,0.0,20.7,23.3,18.9,17765.0,0,0
612,2022-10-05,0.0,19.8,21.1,18.3,17946.0,0,0
613,2022-10-06,0.0,19.4,21.1,18.3,18813.0,0,0
614,2022-10-07,0.0,20.7,23.9,18.3,19707.0,0,0
615,2022-10-08,0.0,21.4,25.0,18.9,17052.0,0,0
616,2022-10-09,0.0,20.8,24.4,19.4,218.0,1,0
617,2022-10-10,0.0,20.6,22.8,19.4,16504.0,0,1
618,2022-10-11,0.3,20.5,22.8,19.4,17679.0,0,0
619,2022-10-12,0.0,20.7,23.3,20.0,18293.0,0,0
620,2022-10-13,0.0,20.3,21.1,18.9,18008.0,0,0
621,2022-10-14,0.0,19.4,20.6,18.3,19040.0,0,0
622,2022-10-15,0.5,20.1,22.8,17.8,16915.0,0,0
623,2022-10-16,0.0,20.0,23.3,18.3,208.0,1,0
624,2022-10-17,0.0,20.0,23.3,16.1,17266.0,0,0
625,2022-10-18,0.0,20.9,27.2,16.1,17877.0,0,0
626,2022-10-19,0.0,24.2,35.0,16.7,17492.0,0,0
627,2022-10-20,0.0,22.9,26.7,16.7,18084.0,0,0
628,2022-10-21,0.0,20.0,22.8,18.9,18910.0,0,0
629,2022-10-22,0.8,20.3,21.1,17.8,16905.0,0,0
630,2022-10-23,0.8,18.7,20.6,15.0,209.0,1,0
631,2022-10-24,0.0,17.6,23.3,11.7,16278.0,0,0
632,2022-10-25,0.0,17.7,23.3,10.6,17438.0,0,0
633,2022-10-26,0.0,18.3,21.7,14.4,17889.0,0,0
634,2022-10-27,0.0,18.8,21.1,15.0,18011.0,0,0
635,2022-10-28,0.0,17.4,22.2,12.8,18790.0,0,0
636,2022-10-29,0.0,18.2,22.8,13.3,16839.0,0,0
637,2022-10-30,0.0,17.8,24.4,12.2,218.0,1,0
638,2022-10-31,0.0,18.2,25.0,12.8,15406.0,0,0
639,2022-11-01,0.0,19.3,20.6,17.2,16952.0,0,0
640,2022-11-02,1.8,17.6,19.4,15.6,17956.0,0,0
641,2022-11-03,0.0,16.4,17.8,11.7,18096.0,0,0
642,2022-11-04,0.0,14.1,20.6,8.3,19024.0,0,0
643,2022-11-05,0.0,15.2,21.1,9.4,16556.0,0,0
644,2022-11-06,0.0,15.1,19.4,10.6,201.0,1,0
645,2022-11-07,2.5,17.1,19.4,15.6,16237.0,0,0
646,2022-11-08,21.3,17.7,19.4,13.3,15212.0,0,0
647,2022-11-09,1.5,15.6,21.1,10.6,18387.0,0,0
648,2022-11-10,0.0,13.1,18.3,7.8,18666.0,0,0
649,2022-11-11,0.0,13.5,20.6,7.2,1783.0,0,1
650,2022-11-12,0.0,13.4,19.4,7.2,17924.0,0,0
651,2022-11-13,0.0,13.9,17.8,10.6,187.0,1,0
652,2022-11-14,0.0,14.5,20.0,8.3,16470.0,0,0
653,2022-11-15,0.0,13.9,20.6,7.8,17160.0,0,0
654,2022-11-16,0.0,14.4,24.4,7.2,17754.0,0,0
655,2022-11-17,0.0,14.2,21.7,5.6,18121.0,0,0
656,2022-11-18,0.0,13.7,18.3,7.2,18786.0,0,0
657,2022-11-19,0.0,14.3,23.3,8.3,17362.0,0,0
658,2022-11-20,0.0,15.0,24.4,7.2,185.0,1,0
659,2022-11-21,0.0,15.6,24.4,7.8,17556.0,0,0
660,2022-11-22,0.0,14.5,22.2,7.2,18427.0,0,0
661,2022-11-23,0.0,13.2,21.7,6.1,17941.0,0,0
662,2022-11-24,0.0,15.3,27.8,7.2,219.0,0,1
663,2022-11-25,0.0,16.5,23.3,8.3,13922.0,0,0
664,2022-11-26,0.0,14.2,19.4,7.2,15534.0,0,0
665,2022-11-27,0.0,13.7,19.4,6.7,204.0,1,0
666,2022-11-28,0.0,15.2,17.2,13.3,15607.0,0,0
667,2022-11-29,0.0,15.5,17.2,10.6,16568.0,0,0
668,2022-11-30,0.0,13.4,16.7,8.9,17247.0,0,0
669,2022-12-01,0.0,14.6,16.7,13.3,17838.0,0,0
670,2022-12-02,0.0,15.4,20.6,10.6,18870.0,0,0
671,2022-12-03,0.0,14.4,19.4,10.0,17789.0,0,0
672,2022-12-04,0.0,14.6,18.3,10.0,196.0,1,0
673,2022-12-05,0.3,16.1,18.3,12.8,16186.0,0,0
674,2022-12-06,0.0,14.3,17.2,11.1,17319.0,0,0
675,2022-12-07,0.0,13.7,17.2,10.0,17758.0,0,0
676,2022-12-08,0.0,12.1,16.7,6.7,18304.0,0,0
677,2022-12-09,0.0,11.7,16.7,6.1,18654.0,0,0
678,2022-12-10,0.0,11.4,17.8,6.1,16713.0,0,0
679,2022-12-11,11.4,13.1,16.1,10.6,191.0,1,0
680,2022-12-12,11.9,11.3,13.3,7.8,15541.0,0,0
681,2022-12-13,0.0,10.2,15.6,5.6,17460.0,0,0
682,2022-12-14,0.0,10.8,16.7,5.0,17765.0,0,0
683,2022-12-15,0.0,10.9,16.7,5.6,18070.0,0,0
684,2022-12-16,0.0,13.4,20.0,7.8,18758.0,0,0
685,2022-12-17,0.0,11.3,18.3,3.9,16481.0,0,0
686,2022-12-18,0.0,13.2,17.2,7.8,215.0,1,0
687,2022-12-19,0.0,10.9,18.3,3.9,17255.0,0,0
688,2022-12-20,0.0,11.2,18.9,4.4,18355.0,0,0
689,2022-12-21,0.0,11.9,20.6,5.6,18344.0,0,0
690,2022-12-22,0.0,12.8,18.9,6.7,18450.0,0,0
691,2022-12-23,0.0,13.0,17.2,7.8,18417.0,0,0
692,2022-12-24,0.0,12.9,20.6,7.8,10900.0,0,0
693,2022-12-25,0.0,15.6,26.7,8.3,120.0,1,0
694,2022-12-26,0.0,17.1,27.8,9.4,1204.0,0,1
695,2022-12-27,4.3,14.9,17.8,10.6,17385.0,0,0
696,2022-12-28,11.4,15.8,18.3,14.4,19064.0,0,0
697,2022-12-29,0.0,14.9,16.7,12.8,19022.0,0,0
698,2022-12-30,0.0,14.9,16.7,13.3,19145.0,0,0
699,2022-12-31,0.8,15.2,16.1,14.4,14925.0,0,1
700,2023-01-01,25.9,15.0,16.1,13.3,0.0,1,1
701,2023-01-02,0.5,13.9,15.6,11.1,0.0,0,0
702,2023-01-03,8.6,14.2,17.8,12.2,0.0,0,0
703,2023-01-04,0.8,16.3,18.3,15.0,0.0,0,0
704,2023-01-05,5.6,15.7,17.2,12.8,0.0,0,0
705,2023-01-06,0.0,13.6,17.2,8.9,8.0,0,0
706,2023-01-07,0.0,13.1,19.4,7.8,0.0,0,0
707,2023-01-08,0.0,13.7,20.0,8.3,0.0,1,0
708,2023-01-09,0.0,13.6,18.3,9.4,0.0,0,0
709,2023-01-10,5.1,15.8,17.2,11.1,0.0,0,0
710,2023-01-11,0.0,13.2,17.8,8.9,0.0,0,0
711,2023-01-12,0.0,14.0,22.8,8.3,0.0,0,0
712,2023-01-13,0.0,14.6,20.0,8.9,1.0,0,0
713,2023-01-14,19.0,12.8,16.7,10.0,0.0,0,0
714,2023-01-15,26.7,15.3,17.2,12.8,0.0,1,0
715,2023-01-16,24.6,14.4,16.7,11.1,0.0,0,1
716,2023-01-17,0.8,13.3,15.0,8.9,8.0,0,0
717,2023-01-18,0.0,11.3,16.1,6.7,28.0,0,0
718,2023-01-19,3.6,10.8,15.6,5.0,1548.0,0,0
719,2023-01-20,0.8,12.9,16.1,8.3,17323.0,0,0
720,2023-01-21,0.0,11.2,17.2,5.0,36.0,0,0
721,2023-01-22,0.0,10.8,16.1,4.4,0.0,1,0
722,2023-01-23,0.0,11.7,18.3,5.6,27.0,0,0
723,2023-01-24,0.0,11.8,18.9,5.0,39.0,0,0
724,2023-01-25,0.0,12.1,20.0,5.0,48.0,0,0
725,2023-01-26,0.0,14.4,21.7,6.7,62.0,0,0
726,2023-01-27,0.0,13.9,18.9,5.6,1847.0,0,0
727,2023-01-28,0.0,12.7,16.1,8.9,17712.0,0,0
728,2023-01-29,0.0,14.0,15.0,11.7,188.0,1,0
729,2023-01-30,7.4,12.3,15.0,10.6,15394.0,0,0
730,2023-01-31,1.3,12.5,16.1,7.8,17707.0,0,0
731,2023-02-01,0.0,11.6,18.9,5.6,17914.0,0,0
732,2023-02-02,0.0,11.9,20.0,5.0,18142.0,0,0
733,2023-02-03,0.0,13.6,20.6,8.9,18500.0,0,0
734,2023-02-04,0.0,12.5,19.4,5.6,17880.0,0,0
735,2023-02-05,0.0,13.3,17.2,8.9,204.0,1,0
736,2023-02-06,0.0,14.1,18.3,9.4,17133.0,0,0
737,2023-02-07,0.0,13.1,21.1,6.1,17813.0,0,0
738,2023-02-08,0.0,13.6,21.1,7.2,17751.0,0,0
739,2023-02-09,0.0,14.7,25.6,7.2,18185.0,0,0
740,2023-02-10,0.0,16.9,22.8,7.8,18836.0,0,0
741,2023-02-11,0.0,15.4,16.1,10.6,17441.0,0,0
742,2023-02-12,9.9,12.1,15.6,7.8,207.0,1,0
743,2023-02-13,1.8,12.4,16.1,10.0,17111.0,0,0
744,2023-02-14,0.8,13.8,14.4,12.2,18335.0,0,0
745,2023-02-15,0.0,11.8,15.6,5.6,17927.0,0,0
746,2023-02-16,0.0,11.7,20.6,3.9,18064.0,0,0
747,2023-02-17,0.0,12.4,18.3,6.1,19000.0,0,0
748,2023-02-18,0.0,13.1,19.4,7.2,17731.0,0,0
749,2023-02-19,0.0,12.0,17.8,6.1,183.0,1,0
750,2023-02-20,0.0,12.8,18.9,7.2,1069.0,0,1
751,2023-02-21,0.5,13.2,17.2,8.3,17652.0,0,0
752,2023-02-22,0.0,12.9,15.0,10.6,18285.0,0,0
753,2023-02-23,2.8,12.0,14.4,10.0,17985.0,0,0
754,2023-02-24,1.0,12.8,16.1,10.0,19257.0,0,0
755,2023-02-25,26.2,12.8,14.4,8.3,15301.0,0,0
756,2023-02-26,1.8,11.3,14.4,7.8,210.0,1,0
757,2023-02-27,0.0,10.8,15.6,6.1,16598.0,0,0
758,2023-02-28,0.5,13.1,16.1,9.4,18075.0,0,0
759,2023-03-01,5.1,13.0,14.4,9.4,16898.0,0,0
760,2023-03-02,0.0,11.1,15.6,4.4,18175.0,0,0
761,2023-03-03,0.0,11.4,15.6,6.1,18748.0,0,0
762,2023-03-04,0.0,11.1,15.6,6.1,16980.0,0,0
763,2023-03-05,0.0,13.2,16.1,10.0,186.0,1,0
764,2023-03-06,0.0,12.8,16.7,8.9,16877.0,0,0
765,2023-03-07,0.0,13.4,16.1,8.9,17573.0,0,0
766,2023-03-08,0.0,11.7,16.1,7.2,18225.0,0,0
767,2023-03-09,0.0,12.6,17.2,8.9,18540.0,0,0
768,2023-03-10,18.5,13.8,17.2,10.6,18131.0,0,0
769,2023-03-11,3.8,15.4,17.8,14.4,17616.0,0,0
770,2023-03-12,0.0,16.1,18.3,13.9,235.0,1,0
771,2023-03-13,0.0,14.9,17.8,12.8,16919.0,0,0
772,2023-03-14,6.4,15.1,18.9,12.2,17791.0,0,0
773,2023-03-15,21.8,15.7,16.1,12.2,17655.0,0,0
774,2023-03-16,0.0,13.7,16.7,10.6,19171.0,0,0
775,2023-03-17,0.0,13.6,17.2,10.6,17094.0,0,0
776,2023-03-18,0.0,15.3,24.4,10.0,27.0,0,1
777,2023-03-19,3.3,16.9,17.8,14.4,1.0,1,0
778,2023-03-20,1.0,15.1,17.2,13.3,1856.0,0,0
779,2023-03-21,26.9,14.4,17.8,12.2,15857.0,0,0
780,2023-03-22,0.8,14.7,17.2,11.7,18764.0,0,0
781,2023-03-23,2.0,13.9,16.7,11.7,18833.0,0,0
782,2023-03-24,0.0,13.9,17.2,10.0,19147.0,0,0
783,2023-03-25,0.0,13.1,17.2,8.9,17086.0,0,0
784,2023-03-26,0.0,13.2,17.2,8.9,245.0,1,0
785,2023-03-27,0.0,13.9,21.1,8.3,17088.0,0,0
786,2023-03-28,0.0,15.6,20.6,10.0,18265.0,0,0
787,2023-03-29,5.3,13.3,15.0,10.6,17290.0,0,0
788,2023-03-30,5.8,13.2,16.7,10.6,17689.0,0,0
789,2023-03-31,0.0,12.9,17.2,8.3,3002.0,0,1
790,2023-04-01,0.0,13.8,18.9,8.3,17469.0,0,0
791,2023-04-02,0.0,14.1,17.2,10.0,209.0,1,0
792,2023-04-03,0.0,14.8,17.2,12.8,16939.0,0,0
793,2023-04-04,0.0,13.7,16.7,9.4,18276.0,0,0
794,2023-04-05,0.0,12.7,17.8,7.8,18244.0,0,0
795,2023-04-06,0.0,14.4,21.7,7.8,18906.0,0,0
796,2023-04-07,0.0,14.9,19.4,10.0,19681.0,0,0
797,2023-04-08,0.0,14.8,18.9,10.6,17011.0,0,0
798,2023-04-09,0.0,14.4,17.2,12.2,196.0,1,0
799,2023-04-10,0.0,14.1,17.8,11.7,16801.0,0,0
800,2023-04-11,0.0,14.3,18.3,12.2,18210.0,0,0
801,2023-04-12,2.3,14.3,15.6,13.3,18119.0,0,0
802,2023-04-13,0.3,13.7,15.0,12.2,18227.0,0,0
803,2023-04-14,0.0,14.5,17.8,13.3,19387.0,0,0
804,2023-04-15,0.0,15.2,18.3,12.2,17210.0,0,0
805,2023-04-16,0.0,14.7,16.1,13.3,200.0,1,0
806,2023-04-17,0.3,14.2,17.2,13.3,16534.0,0,0
807,2023-04-18,0.3,15.1,18.3,12.8,18051.0,0,0
808,2023-04-19,0.0,15.4,19.4,11.7,18245.0,0,0
809,2023-04-20,0.0,16.0,23.3,10.6,18503.0,0,0
810,2023-04-21,0.0,19.7,27.8,12.2,18153.0,0,0
811,2023-04-22,0.0,20.2,27.2,13.3,17161.0,0,0
812,2023-04-23,0.0,17.5,18.3,15.0,183.0,1,0
813,2023-04-24,0.0,16.6,19.4,15.0,15991.0,0,0
814,2023-04-25,0.0,16.8,19.4,15.0,17284.0,0,0
815,2023-04-26,0.0,17.5,21.1,16.1,17791.0,0,0
816,2023-04-27,0.0,16.7,19.4,14.4,17728.0,0,0
817,2023-04-28,0.0,15.9,18.9,14.4,18297.0,0,0
818,2023-04-29,0.0,16.1,18.9,14.4,17477.0,0,0
819,2023-04-30,0.0,15.6,17.2,14.4,227.0,1,0
820,2023-05-01,0.0,15.5,18.3,13.9,16547.0,0,0
821,2023-05-02,0.0,16.1,18.3,13.3,17720.0,0,0
822,2023-05-03,1.3,15.3,18.9,11.7,17382.0,0,0
823,2023-05-04,0.5,16.6,19.4,14.4,18112.0,0,0
824,2023-05-05,0.5,16.3,19.4,13.9,18890.0,0,0
825,2023-05-06,0.0,16.3,20.0,12.2,16904.0,0,0
826,2023-05-07,0.0,16.7,21.1,12.8,284.0,1,0
827,2023-05-08,0.0,17.2,19.4,14.4,16197.0,0,0
828,2023-05-09,0.0,17.2,18.9,15.6,17640.0,0,0
829,2023-05-10,0.0,16.2,18.9,13.9,17963.0,0,0
830,2023-05-11,0.0,16.5,19.4,15.0,18329.0,0,0
831,2023-05-12,0.0,16.5,18.3,15.6,18633.0,0,0
832,2023-05-13,0.0,16.6,18.9,15.0,17550.0,0,0
833,2023-05-14,0.0,16.0,17.8,14.4,199.0,1,0
834,2023-05-15,0.0,16.6,19.4,15.0,16894.0,0,0
835,2023-05-16,0.0,17.0,21.1,15.0,17516.0,0,0
836,2023-05-17,0.0,16.3,17.8,14.4,17840.0,0,0
837,2023-05-18,0.0,16.1,19.4,14.4,18337.0,0,0
838,2023-05-19,0.0,16.7,18.9,15.6,18876.0,0,0
839,2023-05-20,0.0,17.2,19.4,16.1,17106.0,0,0
840,2023-05-21,0.0,17.4,20.6,16.1,305.0,1,0
841,2023-05-22,0.0,16.6,17.8,15.6,16981.0,0,0
842,2023-05-23,0.0,16.3,17.8,15.0,17753.0,0,0
843,2023-05-24,0.0,16.1,18.9,14.4,17862.0,0,0
844,2023-05-25,0.0,16.8,19.4,16.1,18460.0,0,0
845,2023-05-26,0.0,17.1,20.6,15.6,19201.0,0,0
846,2023-05-27,0.0,17.3,20.6,15.6,17320.0,0,0
847,2023-05-28,0.0,17.2,19.4,16.1,221.0,1,0
848,2023-05-29,0.0,16.6,17.8,15.6,508.0,0,1
849,2023-05-30,0.0,17.1,18.9,15.6,17896.0,0,0
850,2023-05-31,0.0,16.8,18.9,13.9,17823.0,0,0
851,2023-06-01,0.0,16.9,18.9,15.0,18299.0,0,0
852,2023-06-02,0.0,17.6,20.6,16.1,18551.0,0,0
853,2023-06-03,0.0,17.4,20.6,15.6,17441.0,0,0
854,2023-06-04,0.0,17.8,20.6,16.7,273.0,1,0
855,2023-06-05,0.0,17.5,18.9,16.1,17321.0,0,0
856,2023-06-06,0.0,17.4,20.6,16.1,17541.0,0,0
857,2023-06-07,0.0,17.7,21.1,15.6,17697.0,0,0
858,2023-06-08,0.0,17.7,21.1,14.4,18338.0,0,0
859,2023-06-09,0.0,18.1,21.1,16.1,18854.0,0,0
860,2023-06-10,0.0,17.8,19.4,16.1,16770.0,0,0
861,2023-06-11,0.8,16.9,18.3,16.1,194.0,1,0
862,2023-06-12,0.0,17.3,20.6,15.6,16985.0,0,0
863,2023-06-13,0.0,17.8,19.4,16.7,18118.0,0,0
864,2023-06-14,0.0,17.9,20.6,16.7,17947.0,0,0
865,2023-06-15,0.0,18.1,21.7,16.1,18450.0,0,0
866,2023-06-16,0.0,19.1,22.2,17.8,18287.0,0,0
867,2023-06-17,0.0,18.9,21.7,17.2,16318.0,0,0
868,2023-06-18,0.0,18.1,20.6,16.7,229.0,1,0
869,2023-06-19,0.0,18.2,21.7,16.7,2006.0,0,1
870,2023-06-20,0.0,18.9,22.8,16.1,17841.0,0,0
871,2023-06-21,0.0,18.8,22.8,15.6,17997.0,0,0
872,2023-06-22,0.0,18.2,20.0,16.1,18003.0,0,0
873,2023-06-23,0.0,17.8,21.1,15.0,18231.0,0,0
874,2023-06-24,0.0,18.1,21.1,14.4,16712.0,0,0
875,2023-06-25,0.0,18.3,21.1,16.1,257.0,1,0
876,2023-06-26,0.0,18.6,21.7,16.1,16684.0,0,0
877,2023-06-27,0.0,18.4,21.7,15.6,17646.0,0,0
878,2023-06-28,0.0,18.0,20.6,16.7,17535.0,0,0
879,2023-06-29,0.0,18.3,21.7,16.7,18275.0,0,0
880,2023-06-30,0.0,19.2,22.8,17.2,18647.0,0,0
881,2023-07-01,0.0,19.1,22.8,16.7,17029.0,0,0
882,2023-07-02,0.0,19.4,22.8,17.2,283.0,1,0
883,2023-07-03,0.0,18.8,22.2,17.2,18275.0,0,0
884,2023-07-04,0.0,18.6,22.2,16.7,356.0,0,1
885,2023-07-05,0.0,18.6,22.2,16.1,18198.0,0,0
886,2023-07-06,0.0,18.2,21.1,16.1,18629.0,0,0
887,2023-07-07,0.0,18.4,21.1,16.7,18830.0,0,0
888,2023-07-08,0.0,18.8,21.1,17.2,16962.0,0,0
889,2023-07-09,0.0,18.6,22.2,17.2,185.0,1,0
890,2023-07-10,0.0,19.8,22.8,17.2,17147.0,0,0
891,2023-07-11,0.0,19.8,24.4,17.2,17803.0,0,0
892,2023-07-12,0.0,21.9,26.7,18.9,18767.0,0,0
893,2023-07-13,0.0,22.8,26.7,19.4,19013.0,0,0
894,2023-07-14,0.0,21.6,25.6,18.3,19464.0,0,0
895,2023-07-15,0.0,20.9,23.9,18.9,16625.0,0,0
896,2023-07-16,0.0,20.2,23.9,18.3,298.0,1,0
897,2023-07-17,0.0,21.6,25.6,19.4,17738.0,0,0
898,2023-07-18,0.0,21.8,25.0,19.4,18527.0,0,0
899,2023-07-19,0.0,21.7,25.6,19.4,18867.0,0,0
900,2023-07-20,0.0,21.6,24.4,19.4,18152.0,0,0
901,2023-07-21,0.0,21.0,25.0,18.9,18129.0,0,0
902,2023-07-22,0.0,20.3,24.4,18.3,16682.0,0,0
903,2023-07-23,0.0,20.6,23.9,18.3,240.0,1,0
904,2023-07-24,0.0,21.3,24.4,18.9,17427.0,0,0
905,2023-07-25,0.0,21.0,25.6,18.9,18391.0,0,0
906,2023-07-26,0.0,22.9,27.8,20.0,18676.0,0,0
907,2023-07-27,0.0,23.1,25.0,20.6,18522.0,0,0
908,2023-07-28,0.0,21.2,23.3,20.0,19028.0,0,0
909,2023-07-29,0.0,22.2,25.6,20.0,16755.0,0,0
910,2023-07-30,0.0,22.3,26.7,20.6,227.0,1,0
911,2023-07-31,0.0,22.8,25.6,20.6,17120.0,0,0
912,2023-08-01,0.0,23.7,27.2,21.1,17529.0,0,0
913,2023-08-02,0.0,23.0,25.6,20.0,18094.0,0,0
914,2023-08-03,0.0,21.6,23.9,18.9,18586.0,0,0
915,2023-08-04,0.0,20.7,24.4,18.3,18785.0,0,0
916,2023-08-05,0.0,21.6,24.4,18.9,17104.0,0,0
917,2023-08-06,0.0,20.8,25.0,18.3,271.0,1,0
918,2023-08-07,0.0,21.1,26.7,17.8,16936.0,0,0
919,2023-08-08,0.0,23.2,28.3,20.6,17654.0,0,0
920,2023-08-09,0.0,23.2,25.6,21.1,18443.0,0,0
921,2023-08-10,0.0,22.1,23.9,21.1,18633.0,0,0
922,2023-08-11,0.0,21.9,24.4,20.6,18987.0,0,0
923,2023-08-12,0.0,21.8,24.4,20.0,17528.0,0,0
924,2023-08-13,0.0,21.7,24.4,20.0,276.0,1,0
925,2023-08-14,0.0,21.1,23.9,20.0,16867.0,0,0
926,2023-08-15,0.0,21.0,24.4,20.0,18398.0,0,0
927,2023-08-16,0.0,22.1,26.1,20.0,18526.0,0,0
928,2023-08-17,0.0,21.6,23.9,18.9,18598.0,0,0
929,2023-08-18,0.0,20.4,23.9,18.9,19450.0,0,0
930,2023-08-19,0.0,20.6,23.9,18.3,16945.0,0,0
931,2023-08-20,46.2,22.4,23.9,18.9,153.0,1,0
932,2023-08-21,0.5,20.4,24.4,18.3,15849.0,0,0
933,2023-08-22,0.0,21.3,25.6,17.8,17861.0,0,0
934,2023-08-23,0.0,21.3,23.9,18.9,18025.0,0,0
935,2023-08-24,0.0,20.8,23.9,18.3,18513.0,0,0
936,2023-08-25,0.0,20.5,23.9,18.3,18855.0,0,0
937,2023-08-26,0.0,20.7,24.4,18.3,17442.0,0,0
938,2023-08-27,0.0,22.0,26.1,18.3,262.0,1,0
939,2023-08-28,0.0,23.3,28.3,18.3,16763.0,0,0
940,2023-08-29,0.0,23.2,28.9,18.9,17252.0,0,0
941,2023-08-30,0.0,22.3,25.0,20.0,17471.0,0,0
942,2023-08-31,0.0,21.9,25.0,20.0,17796.0,0,0
943,2023-09-01,0.0,21.6,24.4,20.6,18865.0,0,0
944,2023-09-02,0.3,22.7,25.6,21.1,16902.0,0,0
945,2023-09-03,0.0,23.3,26.1,20.0,248.0,1,0
946,2023-09-04,0.0,21.5,24.4,18.9,513.0,0,1
947,2023-09-05,0.0,20.9,23.3,18.3,16773.0,0,0
948,2023-09-06,0.0,22.2,25.0,18.9,17111.0,0,0
949,2023-09-07,0.0,21.4,25.6,17.8,17529.0,0,0
950,2023-09-08,0.0,22.3,27.2,19.4,18161.0,0,0
951,2023-09-09,0.0,24.3,28.3,21.1,15954.0,0,0
952,2023-09-10,0.0,24.5,28.3,21.7,248.0,1,0
953,2023-09-11,0.0,24.1,30.0,21.7,15520.0,0,0
954,2023-09-12,0.0,22.9,25.0,20.6,16602.0,0,0
955,2023-09-13,0.0,21.4,23.9,19.4,17502.0,0,0
956,2023-09-14,0.0,20.8,23.9,19.4,16719.0,0,0
957,2023-09-15,0.0,21.1,22.8,20.0,17523.0,0,0
958,2023-09-16,0.0,21.2,22.2,20.0,16247.0,0,0
959,2023-09-17,0.0,20.7,21.7,20.0,175.0,1,0
960,2023-09-18,0.0,21.4,23.9,18.9,16156.0,0,0
961,2023-09-19,0.0,19.5,23.9,16.1,16538.0,0,0
962,2023-09-20,0.0,20.9,23.3,17.8,17333.0,0,0
963,2023-09-21,0.0,20.3,23.9,18.3,17954.0,0,0
964,2023-09-22,1.0,19.3,20.6,17.2,18155.0,0,0
965,2023-09-23,0.0,20.4,23.3,18.3,16822.0,0,0
966,2023-09-24,0.0,20.1,23.9,17.8,213.0,1,0
967,2023-09-25,0.0,20.1,23.9,17.2,16388.0,0,0
968,2023-09-26,0.0,19.7,23.9,16.7,16907.0,0,0
969,2023-09-27,0.0,19.3,23.3,16.7,17581.0,0,0
970,2023-09-28,0.0,19.4,22.2,17.8,18347.0,0,0
971,2023-09-29,0.0,19.9,21.7,18.9,18494.0,0,0
972,2023-09-30,0.0,19.9,22.2,18.3,16311.0,0,0
973,2023-10-01,0.0,19.1,21.7,16.7,236.0,1,0
974,2023-10-02,0.0,18.1,22.2,14.4,16026.0,0,0
975,2023-10-03,0.0,18.7,23.9,13.9,17387.0,0,0
976,2023-10-04,0.0,20.1,27.2,15.0,17485.0,0,0
977,2023-10-05,0.0,21.8,28.9,15.6,17926.0,0,0
978,2023-10-06,0.0,21.1,25.0,15.6,18461.0,0,0
979,2023-10-07,0.0,19.9,25.6,16.7,16761.0,0,0
980,2023-10-08,0.0,20.7,24.4,17.2,302.0,1,0
981,2023-10-09,0.0,20.2,23.3,18.3,15022.0,0,1
982,2023-10-10,0.3,19.6,22.8,17.8,16097.0,0,0
983,2023-10-11,0.0,19.4,22.2,17.8,17124.0,0,0
984,2023-10-12,0.0,19.4,22.8,15.6,17306.0,0,0
985,2023-10-13,0.0,19.6,22.8,15.6,18198.0,0,0
986,2023-10-14,0.0,19.4,24.4,16.7,16347.0,0,0
987,2023-10-15,0.0,19.7,25.6,14.4,215.0,1,0
988,2023-10-16,0.0,19.4,23.3,15.6,15387.0,0,0
989,2023-10-17,0.0,19.3,22.8,17.2,16404.0,0,0
990,2023-10-18,0.0,19.4,22.2,17.2,16940.0,0,0
991,2023-10-19,0.0,19.1,23.3,16.1,17307.0,0,0
992,2023-10-20,0.0,20.8,26.1,17.8,18185.0,0,0
993,2023-10-21,0.0,20.6,25.6,15.6,16588.0,0,0
994,2023-10-22,0.0,20.1,22.2,18.9,239.0,1,0
995,2023-10-23,0.0,19.8,21.1,16.7,15581.0,0,0
996,2023-10-24,0.0,18.1,22.2,13.9,16711.0,0,0
997,2023-10-25,0.0,19.2,19.4,17.8,17148.0,0,0
998,2023-10-26,0.0,18.8,22.2,15.6,17433.0,0,0
999,2023-10-27,0.0,18.2,21.7,15.6,17816.0,0,0
1000,2023-10-28,0.0,17.2,21.1,12.8,15917.0,0,0
1001,2023-10-29,0.0,17.9,26.1,12.2,274.0,1,0
1002,2023-10-30,0.0,17.5,25.6,8.3,15219.0,0,0
1003,2023-10-31,0.0,17.4,27.2,12.8,15103.0,0,0
1004,2023-11-01,0.0,18.3,29.4,10.0,16711.0,0,0
1005,2023-11-02,0.0,17.8,27.8,9.4,17474.0,0,0
1006,2023-11-03,0.0,17.2,25.6,9.4,18310.0,0,0
1007,2023-11-04,0.0,16.6,24.4,9.4,17328.0,0,0
1008,2023-11-05,0.0,16.4,23.9,10.6,287.0,1,0
1009,2023-11-06,0.0,16.8,21.1,12.8,15287.0,0,0
1010,2023-11-07,0.0,18.1,20.6,15.0,16489.0,0,0
1011,2023-11-08,0.0,17.0,21.1,11.7,17196.0,0,0
1012,2023-11-09,0.0,16.2,23.9,8.3,17502.0,0,0
1013,2023-11-10,0.0,15.6,24.4,6.7,2509.0,0,1
1014,2023-11-11,0.0,14.8,23.3,6.7,15704.0,0,0
1015,2023-11-12,0.0,16.6,26.7,8.3,241.0,1,0
1016,2023-11-13,0.0,16.5,23.9,8.9,14892.0,0,0
1017,2023-11-14,0.0,16.0,23.9,8.9,16403.0,0,0
1018,2023-11-15,3.6,16.7,20.6,12.2,16333.0,0,0
1019,2023-11-16,0.3,18.1,22.8,15.6,17340.0,0,0
1020,2023-11-17,3.0,17.7,21.7,13.3,17964.0,0,0
1021,2023-11-18,0.0,18.4,21.1,14.4,17203.0,0,0
1022,2023-11-19,0.0,18.1,20.6,12.8,178.0,1,0
1023,2023-11-20,0.0,16.2,23.3,10.6,16886.0,0,0
1024,2023-11-21,0.0,16.7,25.6,8.9,17585.0,0,0
1025,2023-11-22,0.0,17.2,25.6,10.0,17183.0,0,0
1026,2023-11-23,0.0,16.2,20.0,10.6,181.0,0,1
1027,2023-11-24,0.3,17.4,18.9,12.8,13007.0,0,0
1028,2023-11-25,0.0,15.0,19.4,10.0,15388.0,0,0
1029,2023-11-26,0.0,13.9,21.7,7.8,190.0,1,0
