,date,PRCP,TAVG,TMAX,TMIN,transactions,dollar_amount,isSunday,isHoliday
0,2021-01-31,0.0,12.7,20.0,7.2,210.0,83.2,1,0
1,2021-02-01,0.0,16.6,22.2,13.9,11008.0,12790.22000000003,0,0
2,2021-02-02,0.0,16.8,19.4,14.4,11090.0,13520.16000000002,0,0
3,2021-02-03,0.0,14.9,16.7,12.8,11658.0,13841.360000000008,0,0
4,2021-02-04,0.0,15.2,17.2,11.7,11391.0,13908.26999999999,0,0
5,2021-02-05,0.0,13.9,18.9,8.9,12362.0,14989.049999999992,0,0
6,2021-02-06,0.0,14.1,20.6,7.8,12726.0,16791.960000000003,0,0
7,2021-02-07,0.0,13.4,19.4,9.4,185.0,69.65000000000002,1,0
8,2021-02-08,0.0,13.6,15.6,12.2,14824.0,18514.540000000005,0,0
9,2021-02-09,0.0,14.4,16.7,13.3,15942.0,20631.089999999986,0,0
10,2021-02-10,0.0,14.7,17.2,11.7,16311.0,21345.170000000002,0,0
11,2021-02-11,0.0,13.8,19.4,9.4,17353.0,22417.879999999943,0,0
12,2021-02-12,0.8,15.8,18.3,11.7,18274.0,23969.539999999957,0,0
13,2021-02-13,0.3,14.2,17.2,11.1,18339.0,25212.46999999998,0,0
14,2021-02-14,0.0,15.1,18.9,11.1,345.0,127.84999999999992,1,0
15,2021-02-15,0.0,13.7,17.8,9.4,1154.0,374.40000000000066,0,1
16,2021-02-16,1.5,15.5,17.8,12.8,16626.0,21599.839999999997,0,0
17,2021-02-17,0.0,14.2,17.8,9.4,17488.0,22588.39999999999,0,0
18,2021-02-18,0.0,14.2,20.6,7.8,17518.0,22697.40999999995,0,0
19,2021-02-19,0.0,13.8,20.0,7.2,18372.0,24292.599999999984,0,0
20,2021-02-20,0.0,13.9,18.9,8.9,17739.0,24416.179999999993,0,0
21,2021-02-21,0.0,15.7,27.8,7.8,245.0,88.89999999999999,1,0
22,2021-02-22,0.0,16.5,25.6,7.2,16206.0,21057.639999999974,0,0
23,2021-02-23,0.0,16.7,23.9,8.3,17233.0,22362.47999999993,0,0
24,2021-02-24,0.0,15.6,20.0,9.4,17586.0,23247.769999999982,0,0
25,2021-02-25,0.0,16.2,21.7,10.0,18224.0,23798.20999999994,0,0
26,2021-02-26,0.0,15.4,23.3,7.8,19418.0,25729.979999999945,0,0
27,2021-02-27,0.0,15.2,18.3,10.6,18560.0,25713.559999999998,0,0
28,2021-02-28,0.0,15.6,23.3,8.9,278.0,97.64999999999998,1,0
29,2021-03-01,0.0,15.6,25.0,7.8,17019.0,21592.700000000008,0,0
30,2021-03-02,0.0,14.8,22.2,6.7,17438.0,22542.499999999956,0,0
31,2021-03-03,14.7,14.0,17.2,9.4,15300.0,21385.740000000016,0,0
32,2021-03-04,0.0,14.5,18.9,11.1,19125.0,24878.529999999922,0,0
33,2021-03-05,0.0,14.7,20.6,9.4,20178.0,26607.529999999937,0,0
34,2021-03-06,0.0,15.4,19.4,11.7,18896.0,26496.439999999984,0,0
35,2021-03-07,0.0,15.1,17.8,11.7,216.0,76.45,1,0
36,2021-03-08,0.0,15.7,17.8,13.3,17244.0,22425.940000000013,0,0
37,2021-03-09,0.0,14.7,17.8,10.6,18433.0,24112.77999999994,0,0
38,2021-03-10,4.6,14.5,17.2,11.1,17409.0,22954.049999999923,0,0
39,2021-03-11,12.4,13.3,15.6,10.0,18546.0,24299.609999999924,0,0
40,2021-03-12,0.0,12.4,16.1,9.4,20234.0,27005.109999999953,0,0
41,2021-03-13,0.0,13.6,17.8,11.1,19119.0,26951.79999999997,0,0
42,2021-03-14,0.0,14.6,17.2,12.8,253.0,93.39999999999999,1,0
43,2021-03-15,4.3,14.2,15.0,12.2,15565.0,20909.310000000034,0,0
44,2021-03-16,0.3,12.9,16.1,10.0,18584.0,24779.429999999928,0,0
45,2021-03-17,0.0,12.4,16.7,7.8,19511.0,26275.339999999927,0,0
46,2021-03-18,0.0,13.9,17.2,10.0,19912.0,26013.55999999986,0,0
47,2021-03-19,0.0,14.5,19.4,10.0,20620.0,28103.19999999992,0,0
48,2021-03-20,0.0,16.1,18.9,12.2,19195.0,27387.249999999905,0,0
49,2021-03-21,0.0,14.0,17.8,10.0,311.0,123.34999999999995,1,0
50,2021-03-22,0.0,14.8,18.9,9.4,18557.0,23966.98999999996,0,0
51,2021-03-23,0.3,15.3,17.8,13.3,18888.0,25253.079999999936,0,0
52,2021-03-24,0.0,14.9,18.9,10.6,19840.0,26215.619999999923,0,0
53,2021-03-25,0.8,15.3,16.7,12.8,19334.0,25978.779999999962,0,0
54,2021-03-26,0.3,14.2,17.8,11.7,21178.0,28445.639999999887,0,0
55,2021-03-27,0.0,14.9,22.8,8.9,19476.0,27636.769999999888,0,0
56,2021-03-28,0.0,18.0,27.8,10.0,312.0,108.84999999999998,1,0
57,2021-03-29,0.0,18.2,22.2,11.1,19020.0,24697.519999999975,0,0
58,2021-03-30,0.0,16.2,19.4,14.4,20292.0,26415.51999999992,0,0
59,2021-03-31,0.0,18.5,31.1,11.7,3612.0,1276.6899999999994,0,1
60,2021-04-01,0.0,23.1,31.1,13.9,20452.0,27288.029999999915,0,0
61,2021-04-02,0.0,19.0,20.6,15.0,21219.0,28983.21999999994,0,0
62,2021-04-03,0.0,16.7,20.0,14.4,19531.0,27818.70999999994,0,0
63,2021-04-04,0.0,16.5,22.8,13.3,230.0,86.84999999999997,1,0
64,2021-04-05,0.0,16.8,19.4,14.4,18405.0,24283.72999999994,0,0
65,2021-04-06,0.0,16.8,20.6,14.4,19775.0,26309.069999999996,0,0
66,2021-04-07,0.0,17.1,22.8,13.3,20546.0,27101.429999999913,0,0
67,2021-04-08,0.0,17.3,21.1,14.4,20407.0,27204.85999999994,0,0
68,2021-04-09,0.0,17.3,21.1,15.0,21084.0,28354.939999999944,0,0
69,2021-04-10,0.0,17.9,21.1,15.0,19805.0,28025.11999999995,0,0
70,2021-04-11,0.0,16.9,19.4,13.9,354.0,144.03999999999996,1,0
71,2021-04-12,0.0,16.9,19.4,15.6,18212.0,23811.419999999966,0,0
72,2021-04-13,0.0,16.1,16.7,15.0,18640.0,25406.229999999934,0,0
73,2021-04-14,0.0,15.8,17.8,14.4,19160.0,25767.289999999935,0,0
74,2021-04-15,0.0,15.7,18.9,12.2,20064.0,26939.86999999997,0,0
75,2021-04-16,0.0,16.2,20.0,13.9,20800.0,28359.199999999953,0,0
76,2021-04-17,0.0,16.8,19.4,15.0,19579.0,27848.60999999991,0,0
77,2021-04-18,0.0,18.3,27.8,15.0,373.0,126.89999999999993,1,0
78,2021-04-19,0.0,20.3,26.7,12.2,18399.0,23966.359999999924,0,0
79,2021-04-20,0.0,17.2,18.9,15.0,19062.0,25549.12999999996,0,0
80,2021-04-21,0.0,16.2,17.8,15.0,19452.0,26260.71999999994,0,0
81,2021-04-22,0.0,15.7,17.2,14.4,19430.0,26490.13999999994,0,0
82,2021-04-23,0.5,16.1,17.8,13.9,20332.0,27447.67999999996,0,0
83,2021-04-24,0.0,16.7,19.4,15.6,19509.0,27668.58999999992,0,0
84,2021-04-25,0.0,16.9,19.4,15.6,310.0,122.28999999999996,1,0
85,2021-04-26,1.3,15.9,18.9,13.9,16945.0,22935.00999999994,0,0
86,2021-04-27,0.0,16.1,18.3,13.9,19205.0,25744.599999999973,0,0
87,2021-04-28,0.0,16.4,22.2,10.6,19274.0,25886.21999999994,0,0
88,2021-04-29,0.0,19.7,27.2,12.8,20347.0,26918.979999999912,0,0
89,2021-04-30,0.0,21.6,28.3,15.0,21340.0,28386.809999999932,0,0
90,2021-05-01,0.0,19.1,20.0,16.1,19667.0,27480.589999999927,0,0
91,2021-05-02,0.3,16.6,18.9,15.0,247.0,100.54999999999995,1,0
92,2021-05-03,0.0,17.8,21.7,16.1,18387.0,23757.379999999957,0,0
93,2021-05-04,0.0,18.7,22.8,16.7,20044.0,25715.209999999897,0,0
94,2021-05-05,0.0,18.5,22.2,16.1,17183.0,24593.789999999877,0,0
95,2021-05-06,0.0,17.8,20.0,16.1,2894.0,1771.1499999999987,0,0
96,2021-05-07,0.0,17.4,20.0,16.1,21337.0,28099.729999999887,0,0
97,2021-05-08,0.0,17.8,20.0,16.7,19592.0,27044.879999999925,0,0
98,2021-05-09,0.0,17.5,20.6,16.1,256.0,100.79999999999997,1,0
99,2021-05-10,0.0,17.4,19.4,16.1,18555.0,23838.299999999894,0,0
100,2021-05-11,0.0,17.4,19.4,16.1,19328.0,25344.279999999893,0,0
101,2021-05-12,0.0,18.1,20.6,16.7,19447.0,25582.48999999998,0,0
102,2021-05-13,0.0,19.3,22.2,17.2,19947.0,26248.639999999916,0,0
103,2021-05-14,0.0,18.5,21.1,17.2,21005.0,28019.989999999918,0,0
104,2021-05-15,0.0,17.8,19.4,16.7,20342.0,28159.7099999999,0,0
105,2021-05-16,1.0,16.7,18.3,15.0,297.0,117.39999999999998,1,0
106,2021-05-17,0.5,16.9,20.0,15.6,18303.0,23704.179999999957,0,0
107,2021-05-18,0.0,17.9,21.1,16.7,19549.0,25880.169999999973,0,0
108,2021-05-19,0.0,18.3,20.6,16.7,19493.0,26007.879999999892,0,0
109,2021-05-20,0.0,17.9,19.4,16.1,20237.0,26634.699999999906,0,0
110,2021-05-21,0.0,17.1,18.9,15.0,21111.0,28182.5799999999,0,0
111,2021-05-22,0.0,16.2,18.9,13.9,19892.0,28131.309999999885,0,0
112,2021-05-23,0.0,16.7,21.1,12.2,293.0,110.74999999999999,1,0
113,2021-05-24,0.0,18.5,24.4,13.9,18811.0,24222.799999999916,0,0
114,2021-05-25,0.0,19.3,24.4,15.0,20610.0,27370.96999999993,0,0
115,2021-05-26,0.0,19.6,21.1,16.1,20477.0,27409.849999999944,0,0
116,2021-05-27,0.0,17.6,20.6,16.1,21089.0,27877.229999999923,0,0
117,2021-05-28,0.0,17.9,20.6,16.7,21597.0,29232.829999999925,0,0
118,2021-05-29,0.0,17.3,18.9,15.6,20007.0,28591.629999999917,0,0
119,2021-05-30,0.0,17.3,20.0,16.1,337.0,123.79999999999995,1,0
120,2021-05-31,0.0,17.8,21.1,16.7,624.0,233.7000000000001,0,1
121,2021-06-01,0.0,18.4,20.6,16.7,20101.0,26073.339999999913,0,0
122,2021-06-02,0.0,18.1,21.7,16.7,20288.0,26562.54999999991,0,0
123,2021-06-03,0.0,18.0,20.0,16.7,20406.0,26779.36999999985,0,0
124,2021-06-04,0.0,18.6,21.7,16.1,21601.0,28641.94999999987,0,0
125,2021-06-05,0.0,19.0,21.7,17.2,19359.0,27644.56999999991,0,0
126,2021-06-06,0.0,18.4,21.1,17.2,251.0,96.64999999999993,1,0
127,2021-06-07,0.0,18.1,19.4,16.7,18959.0,24777.589999999935,0,0
128,2021-06-08,0.0,18.6,22.2,17.2,20513.0,27322.93999999991,0,0
129,2021-06-09,0.0,19.1,22.2,16.7,20358.0,27305.899999999907,0,0
130,2021-06-10,0.0,18.4,22.8,13.9,20802.0,27095.339999999913,0,0
131,2021-06-11,0.0,19.1,24.4,14.4,21491.0,28705.409999999927,0,0
132,2021-06-12,0.0,19.6,23.9,15.0,19735.0,27942.70999999991,0,0
133,2021-06-13,0.0,20.4,23.9,17.8,369.0,138.9999999999999,1,0
134,2021-06-14,0.0,19.9,23.9,17.2,19656.0,25481.639999999934,0,0
135,2021-06-15,0.0,21.7,30.6,18.3,20588.0,27071.71999999993,0,0
136,2021-06-16,0.0,20.8,22.2,18.3,21133.0,27729.159999999873,0,0
137,2021-06-17,0.0,19.9,22.8,16.1,21193.0,28394.729999999898,0,0
138,2021-06-18,0.0,19.8,21.7,18.3,21326.0,29343.38999999986,0,1
139,2021-06-19,0.0,20.0,22.8,18.9,19861.0,28529.909999999905,0,0
140,2021-06-20,0.0,20.0,22.8,17.8,282.0,111.3,1,0
141,2021-06-21,0.0,19.9,23.9,18.3,19670.0,25674.409999999938,0,0
142,2021-06-22,0.0,20.3,22.2,19.4,20942.0,28031.449999999935,0,0
143,2021-06-23,0.3,20.7,23.3,19.4,20828.0,27741.609999999902,0,0
144,2021-06-24,0.0,20.6,23.3,18.9,21202.0,27789.32999999991,0,0
145,2021-06-25,0.0,20.2,23.9,18.3,22270.0,29641.149999999918,0,0
146,2021-06-26,0.0,20.6,22.8,18.9,20379.0,29121.74999999988,0,0
147,2021-06-27,0.0,20.3,22.8,18.9,231.0,96.38999999999996,1,0
148,2021-06-28,0.0,19.7,21.7,18.9,19586.0,25793.7199999999,0,0
149,2021-06-29,0.0,20.1,22.2,18.9,21065.0,27983.84999999993,0,0
150,2021-06-30,0.0,20.4,22.8,19.4,21525.0,28416.419999999922,0,0
151,2021-07-01,0.0,20.7,23.9,18.9,22027.0,29508.029999999926,0,0
152,2021-07-02,0.0,21.1,23.9,19.4,22388.0,30206.48999999989,0,0
153,2021-07-03,0.0,20.8,23.3,19.4,19582.0,28005.729999999843,0,0
154,2021-07-04,0.0,20.6,23.3,19.4,235.0,89.09999999999997,1,0
155,2021-07-05,0.0,20.9,23.9,19.4,1443.0,594.950000000001,0,1
156,2021-07-06,0.0,20.8,23.3,18.9,21166.0,28051.3799999999,0,0
157,2021-07-07,0.0,20.4,23.3,18.9,21228.0,28004.21999999993,0,0
158,2021-07-08,0.0,21.3,24.4,19.4,20954.0,28313.879999999896,0,0
159,2021-07-09,0.0,22.3,25.6,20.0,21467.0,29065.429999999902,0,0
160,2021-07-10,0.0,23.3,27.2,20.6,19287.0,27749.719999999917,0,0
161,2021-07-11,0.0,22.6,23.9,20.6,297.0,113.34999999999994,1,0
162,2021-07-12,0.0,22.1,24.4,20.6,19851.0,25869.039999999906,0,0
163,2021-07-13,0.0,22.6,25.6,20.6,20833.0,27600.649999999903,0,0
164,2021-07-14,0.0,22.4,25.0,21.1,21445.0,28624.409999999913,0,0
165,2021-07-15,0.0,22.7,25.6,21.1,21520.0,28503.199999999873,0,0
166,2021-07-16,0.0,22.9,26.1,21.1,21947.0,29513.0899999999,0,0
167,2021-07-17,0.0,22.9,26.1,21.1,19737.0,28404.899999999943,0,0
168,2021-07-18,0.0,23.9,27.8,22.2,319.0,119.99999999999994,1,0
169,2021-07-19,0.0,24.4,27.8,21.7,20136.0,26246.12999999991,0,0
170,2021-07-20,0.0,24.2,28.9,21.7,21068.0,27625.23999999991,0,0
171,2021-07-21,0.0,23.8,27.2,21.1,21154.0,27868.74999999996,0,0
172,2021-07-22,0.0,23.1,25.6,21.1,21233.0,28475.119999999963,0,0
173,2021-07-23,0.0,22.3,26.1,20.6,21539.0,29286.549999999905,0,0
174,2021-07-24,0.0,22.5,25.0,21.1,19729.0,28285.939999999904,0,0
175,2021-07-25,0.0,22.3,25.0,21.1,331.0,112.09999999999998,1,0
176,2021-07-26,0.0,22.4,23.9,21.1,19702.0,25949.449999999913,0,0
177,2021-07-27,0.0,22.5,25.0,21.1,21002.0,27815.429999999855,0,0
178,2021-07-28,0.0,22.4,26.1,20.6,20966.0,28443.509999999933,0,0
179,2021-07-29,0.0,22.4,25.6,20.0,21323.0,28621.33999999991,0,0
180,2021-07-30,0.0,21.9,25.0,19.4,21597.0,29506.6199999999,0,0
181,2021-07-31,0.0,21.2,25.0,18.3,19468.0,28094.209999999875,0,0
182,2021-08-01,0.0,21.1,26.7,17.8,297.0,103.84999999999997,1,0
183,2021-08-02,0.0,22.6,27.2,21.1,18678.0,24625.60999999995,0,0
184,2021-08-03,0.0,22.1,25.6,18.3,20265.0,26940.589999999927,0,0
185,2021-08-04,0.0,21.4,24.4,19.4,20000.0,26886.929999999928,0,0
186,2021-08-05,0.0,21.6,25.6,18.9,20652.0,27835.259999999933,0,0
187,2021-08-06,0.0,20.2,23.3,18.3,20658.0,28268.959999999875,0,0
188,2021-08-07,0.0,20.6,23.3,18.3,19481.0,28162.079999999918,0,0
189,2021-08-08,0.0,21.1,23.9,19.4,312.0,114.34999999999998,1,0
190,2021-08-09,0.0,21.8,25.6,19.4,18750.0,24885.599999999908,0,0
191,2021-08-10,0.0,22.4,26.1,21.1,20102.0,26669.709999999886,0,0
192,2021-08-11,5.8,23.8,27.8,21.1,20257.0,27354.88999999992,0,0
193,2021-08-12,0.0,24.7,28.3,21.7,20907.0,27829.209999999915,0,0
194,2021-08-13,0.0,25.1,30.0,21.7,20797.0,28337.33999999994,0,0
195,2021-08-14,0.0,24.3,28.3,21.1,19706.0,28623.769999999928,0,0
196,2021-08-15,0.0,23.0,26.1,21.1,327.0,122.19999999999993,1,0
197,2021-08-16,0.0,23.3,26.1,21.7,16628.0,23695.759999999926,0,0
198,2021-08-17,0.0,23.5,25.6,22.2,2673.0,1582.9799999999987,0,0
199,2021-08-18,0.0,23.8,26.1,22.8,20236.0,27028.099999999828,0,0
200,2021-08-19,0.0,23.4,25.6,21.7,20900.0,28208.239999999867,0,0
201,2021-08-20,0.0,22.6,24.4,21.7,21363.0,28921.25999999991,0,0
202,2021-08-21,0.0,22.4,25.6,20.0,19656.0,28286.219999999903,0,0
203,2021-08-22,0.0,22.6,25.0,21.1,257.0,102.29999999999998,1,0
204,2021-08-23,0.0,22.9,25.6,20.6,18475.0,24692.849999999915,0,0
205,2021-08-24,0.0,22.1,25.6,19.4,20150.0,27329.829999999864,0,0
206,2021-08-25,0.0,22.8,26.7,20.0,20480.0,27314.679999999895,0,0
207,2021-08-26,0.0,23.7,27.8,20.6,20539.0,28025.03999999991,0,0
208,2021-08-27,0.0,22.9,26.1,20.0,21277.0,28579.72999999985,0,0
209,2021-08-28,0.0,22.2,25.0,20.0,19101.0,27366.58999999989,0,0
210,2021-08-29,0.0,21.9,25.0,20.6,256.0,90.80000000000001,1,0
211,2021-08-30,0.0,22.3,25.6,21.1,18832.0,24800.179999999902,0,0
212,2021-08-31,0.0,21.8,23.3,20.0,19528.0,26397.81999999992,0,0
213,2021-09-01,0.0,22.3,25.0,21.1,20042.0,26949.98999999993,0,0
214,2021-09-02,0.0,22.8,25.6,21.7,20693.0,27463.029999999897,0,0
215,2021-09-03,0.0,22.3,24.4,20.0,21513.0,29039.349999999922,0,0
216,2021-09-04,0.0,22.1,28.3,19.4,19381.0,27614.969999999917,0,0
217,2021-09-05,0.0,23.8,26.1,19.4,331.0,126.44999999999992,1,0
218,2021-09-06,0.0,22.5,25.0,21.1,574.0,209.59000000000003,0,1
219,2021-09-07,0.0,23.4,27.2,21.7,19684.0,26159.929999999928,0,0
220,2021-09-08,0.0,23.7,27.8,21.7,19789.0,26806.289999999895,0,0
221,2021-09-09,0.0,23.5,29.4,21.1,19712.0,26497.859999999942,0,0
222,2021-09-10,0.0,24.1,27.2,21.7,20276.0,27359.17999999985,0,0
223,2021-09-11,0.0,24.0,29.4,21.1,18625.0,26698.57999999991,0,0
224,2021-09-12,0.0,23.9,26.7,20.6,275.0,104.94999999999997,1,0
225,2021-09-13,0.0,21.7,24.4,18.9,17854.0,23523.909999999938,0,0
226,2021-09-14,0.0,20.8,25.0,18.9,19566.0,26241.189999999868,0,0
227,2021-09-15,0.0,21.0,24.4,19.4,19286.0,26321.939999999875,0,0
228,2021-09-16,0.0,21.0,23.9,18.9,19518.0,26464.7599999999,0,0
229,2021-09-17,0.0,20.7,23.9,19.4,20217.0,27722.4799999999,0,0
230,2021-09-18,0.0,21.2,23.9,19.4,18341.0,26664.98999999993,0,0
231,2021-09-19,0.0,20.7,23.9,17.8,257.0,87.9,1,0
232,2021-09-20,0.0,20.3,24.4,16.7,17489.0,23174.38999999993,0,0
233,2021-09-21,0.0,22.7,28.9,18.3,18975.0,25695.549999999865,0,0
234,2021-09-22,0.0,24.2,30.0,20.6,18883.0,25890.199999999913,0,0
235,2021-09-23,0.0,23.4,25.0,18.9,19072.0,26602.489999999918,0,0
236,2021-09-24,12.7,21.1,24.4,18.9,16781.0,25161.919999999882,0,0
237,2021-09-25,0.0,20.7,23.3,19.4,349.0,373.3299999999999,0,1
238,2021-09-26,0.0,20.3,21.1,19.4,44.0,19.150000000000002,1,0
239,2021-09-27,0.0,19.9,21.1,18.9,17575.0,23615.879999999917,0,0
240,2021-09-28,0.0,20.1,22.2,19.4,18805.0,25515.6299999999,0,0
241,2021-09-29,0.0,20.7,23.9,18.9,19609.0,26455.319999999905,0,0
242,2021-09-30,0.0,20.6,25.0,15.6,19773.0,27071.939999999886,0,0
243,2021-10-01,0.0,22.0,32.2,14.4,20747.0,27942.42999999991,0,0
244,2021-10-02,0.0,22.8,30.0,15.6,18135.0,26145.36999999989,0,0
245,2021-10-03,0.0,23.0,31.1,16.1,256.0,95.03999999999995,1,0
246,2021-10-04,11.9,23.9,28.9,18.9,18240.0,24186.259999999904,0,0
247,2021-10-05,4.3,22.2,24.4,19.4,19289.0,25819.079999999885,0,0
248,2021-10-06,0.0,21.3,23.3,20.0,19166.0,26353.56999999988,0,0
249,2021-10-07,0.0,20.7,22.8,19.4,19502.0,26618.789999999826,0,0
250,2021-10-08,4.1,20.1,21.7,16.7,20216.0,28079.519999999895,0,0
251,2021-10-09,0.0,18.7,22.2,15.6,18030.0,25690.379999999903,0,0
252,2021-10-10,0.0,18.8,23.3,13.9,258.0,103.29999999999997,1,0
253,2021-10-11,0.0,19.1,21.1,16.1,16653.0,22729.909999999873,0,1
254,2021-10-12,0.0,19.2,21.7,13.3,18997.0,26080.209999999905,0,0
255,2021-10-13,0.0,16.5,22.8,10.0,19558.0,26537.389999999894,0,0
256,2021-10-14,0.0,17.0,22.2,11.1,19869.0,27107.989999999907,0,0
257,2021-10-15,0.0,19.2,29.4,11.7,20025.0,27857.459999999865,0,0
258,2021-10-16,0.0,21.0,30.0,12.2,18160.0,26363.0999999999,0,0
259,2021-10-17,0.0,19.6,23.9,12.8,272.0,100.74999999999997,1,0
260,2021-10-18,0.0,18.3,20.6,12.8,17848.0,24735.319999999952,0,0
261,2021-10-19,0.0,15.9,20.6,11.1,18846.0,26274.27999999987,0,0
262,2021-10-20,0.0,16.5,21.1,11.7,18956.0,26157.75999999984,0,0
263,2021-10-21,0.0,17.3,22.2,12.2,18749.0,26358.01999999989,0,0
264,2021-10-22,0.0,17.9,20.6,16.7,20184.0,28352.08999999988,0,0
265,2021-10-23,0.0,17.9,20.6,16.1,18430.0,26952.869999999883,0,0
266,2021-10-24,0.0,18.9,21.7,16.7,221.0,81.69,1,0
267,2021-10-25,5.3,18.6,20.6,13.9,16956.0,23706.419999999944,0,0
268,2021-10-26,0.0,16.9,20.6,13.3,18787.0,25799.79999999985,0,0
269,2021-10-27,0.0,17.6,26.1,12.2,18768.0,26359.19999999984,0,0
270,2021-10-28,0.0,20.1,29.4,13.3,19440.0,27196.13999999982,0,0
271,2021-10-29,0.0,20.7,26.1,15.0,20510.0,28230.42999999992,0,0
272,2021-10-30,0.0,18.2,20.0,16.1,17312.0,25722.56999999989,0,0
273,2021-10-31,0.0,18.3,21.1,16.7,232.0,89.99999999999999,1,0
274,2021-11-01,0.0,17.9,21.7,15.0,17371.0,23582.94999999994,0,0
275,2021-11-02,0.0,18.3,20.0,15.0,18474.0,25425.399999999827,0,0
276,2021-11-03,0.0,17.1,20.0,15.0,18673.0,25923.379999999917,0,0
277,2021-11-04,0.0,17.1,19.4,15.0,19305.0,26975.489999999852,0,0
278,2021-11-05,0.0,16.8,20.6,15.0,19629.0,27442.70999999992,0,0
279,2021-11-06,0.0,17.2,20.6,16.1,17290.0,25279.819999999898,0,0
280,2021-11-07,0.0,17.6,20.6,15.0,188.0,79.35000000000001,1,0
281,2021-11-08,0.0,17.3,19.4,15.0,18008.0,24796.14999999988,0,0
282,2021-11-09,0.0,17.3,20.6,13.9,19055.0,26375.849999999926,0,0
283,2021-11-10,0.0,18.4,21.1,15.6,19165.0,26723.089999999887,0,0
284,2021-11-11,0.0,19.6,29.4,13.3,2050.0,707.2200000000008,0,1
285,2021-11-12,0.0,22.7,33.3,14.4,20491.0,28344.499999999894,0,0
286,2021-11-13,0.0,22.1,29.4,13.9,17908.0,26462.559999999885,0,0
287,2021-11-14,0.0,20.8,30.6,13.3,272.0,91.08999999999996,1,0
288,2021-11-15,0.0,19.3,27.2,12.2,17825.0,24358.489999999863,0,0
289,2021-11-16,0.0,16.3,18.9,13.3,18852.0,25914.039999999877,0,0
290,2021-11-17,0.0,17.6,20.6,14.4,19137.0,26529.73999999992,0,0
291,2021-11-18,0.0,16.4,18.9,12.8,19287.0,27071.769999999957,0,0
292,2021-11-19,0.0,17.2,19.4,15.0,19834.0,27587.459999999945,0,0
293,2021-11-20,0.0,16.9,18.9,15.6,17856.0,26158.46999999997,0,0
294,2021-11-21,0.0,17.7,26.7,12.2,296.0,111.83999999999997,1,0
295,2021-11-22,0.0,20.2,27.8,13.3,17935.0,24546.11999999994,0,0
296,2021-11-23,0.0,16.9,18.9,11.7,19344.0,26631.34999999997,0,0
297,2021-11-24,0.0,16.5,19.4,11.7,19252.0,25751.909999999967,0,0
298,2021-11-25,0.0,15.7,26.1,7.2,263.0,92.68999999999997,0,1
299,2021-11-26,0.0,17.2,25.6,9.4,14986.0,21646.75000000002,0,0
300,2021-11-27,0.0,15.4,23.9,7.8,16487.0,24438.030000000002,0,0
301,2021-11-28,0.0,15.1,25.0,7.8,217.0,72.68999999999998,1,0
302,2021-11-29,0.0,14.5,23.3,7.8,16989.0,22308.369999999984,0,0
303,2021-11-30,0.0,14.6,18.3,11.7,17963.0,24027.039999999997,0,0
304,2021-12-01,0.0,14.4,18.9,12.2,18418.0,24867.84999999996,0,0
305,2021-12-02,0.0,14.9,16.7,13.9,18520.0,25588.74999999995,0,0
306,2021-12-03,0.0,14.7,17.2,13.3,19190.0,26903.13999999998,0,0
307,2021-12-04,0.0,14.8,17.2,13.3,17556.0,25296.439999999948,0,0
308,2021-12-05,0.0,14.8,17.8,10.6,247.0,92.19999999999997,1,0
309,2021-12-06,0.0,12.6,16.1,8.3,16555.0,22275.200000000004,0,0
310,2021-12-07,0.0,15.3,16.7,10.0,17873.0,24415.149999999914,0,0
311,2021-12-08,0.0,13.4,20.6,8.9,18569.0,25290.98,0,0
312,2021-12-09,2.8,15.6,17.2,12.8,17300.0,24539.729999999945,0,0
313,2021-12-10,0.0,13.3,16.1,8.9,18850.0,26487.72999999995,0,0
314,2021-12-11,0.0,12.3,19.4,6.7,17051.0,24619.049999999952,0,0
315,2021-12-12,0.0,11.8,17.8,5.0,186.0,66.49999999999999,1,0
316,2021-12-13,0.0,12.6,15.6,9.4,16095.0,21772.299999999967,0,0
317,2021-12-14,24.9,14.7,16.1,11.7,12626.0,18931.609999999993,0,0
318,2021-12-15,0.0,11.8,15.0,7.2,17246.0,23713.699999999975,0,0
319,2021-12-16,0.0,9.7,14.4,3.3,17287.0,24023.369999999944,0,0
320,2021-12-17,0.3,13.3,17.8,8.9,18042.0,24964.52999999998,0,0
321,2021-12-18,0.0,11.7,18.3,3.9,15707.0,22562.220000000012,0,0
322,2021-12-19,0.0,10.7,17.2,4.4,228.0,81.84999999999997,1,0
323,2021-12-20,0.0,10.2,17.2,3.9,16656.0,22133.39999999999,0,0
324,2021-12-21,0.0,13.6,18.9,10.6,17538.0,23442.989999999947,0,0
325,2021-12-22,0.0,13.4,17.8,9.4,17529.0,23226.439999999984,0,0
326,2021-12-23,12.7,15.4,17.8,12.2,16059.0,21785.589999999982,0,0
327,2021-12-24,8.1,14.8,17.2,12.2,1348.0,457.29000000000065,0,1
328,2021-12-25,4.6,13.4,14.4,12.2,1669.0,2265.049999999998,0,1
329,2021-12-26,2.0,13.4,15.6,7.8,222.0,89.69999999999997,1,0
330,2021-12-27,1.3,10.5,13.3,7.2,14369.0,20194.539999999975,0,0
331,2021-12-28,2.0,12.4,13.9,10.0,16133.0,22751.169999999973,0,0
332,2021-12-29,6.9,11.2,14.4,8.9,15409.0,21372.839999999993,0,0
333,2021-12-30,0.0,14.4,17.8,12.8,15887.0,22128.91999999998,0,0
334,2021-12-31,0.0,14.6,17.8,12.2,1237.0,416.0400000000005,0,1
335,2022-01-01,0.0,15.4,17.8,11.7,5566.0,8412.310000000003,0,1
336,2022-01-02,0.0,14.3,19.4,7.2,197.0,74.99,1,0
337,2022-01-03,0.0,10.2,15.6,3.3,13620.0,17933.149999999987,0,0
338,2022-01-04,0.0,9.9,15.6,4.4,13767.0,18172.629999999972,0,0
339,2022-01-05,0.0,11.0,18.3,5.6,13955.0,18626.279999999995,0,0
340,2022-01-06,0.0,12.1,18.3,6.7,14176.0,19348.040000000005,0,0
341,2022-01-07,0.0,12.6,15.0,10.0,15376.0,21244.18999999997,0,0
342,2022-01-08,0.0,13.8,16.1,9.4,14484.0,21325.18,0,0
343,2022-01-09,0.0,12.3,20.6,6.7,170.0,59.699999999999996,1,0
344,2022-01-10,0.0,13.1,22.2,7.2,13726.0,18757.640000000007,0,0
345,2022-01-11,0.0,14.6,24.4,8.3,15045.0,20584.78999999994,0,0
346,2022-01-12,0.0,14.9,23.3,8.3,15610.0,21377.019999999982,0,0
347,2022-01-13,0.0,14.8,22.2,10.0,16733.0,23028.77999999999,0,0
348,2022-01-14,0.0,16.5,21.1,12.2,18109.0,24947.3,0,0
349,2022-01-15,0.8,15.1,21.1,11.1,16210.0,24152.54999999994,0,0
350,2022-01-16,0.0,17.2,19.4,12.8,236.0,86.59999999999997,1,0
351,2022-01-17,3.3,15.8,18.9,12.8,1209.0,431.4400000000004,0,1
352,2022-01-18,0.0,14.8,17.2,12.8,17084.0,22838.059999999947,0,0
353,2022-01-19,0.0,15.4,17.8,11.1,17628.0,24166.23999999996,0,0
354,2022-01-20,0.0,13.4,20.0,8.3,17957.0,24369.869999999948,0,0
355,2022-01-21,0.0,13.0,16.7,7.2,19151.0,26145.47999999992,0,0
356,2022-01-22,0.0,13.6,20.6,7.8,17941.0,25856.929999999953,0,0
357,2022-01-23,0.0,13.9,21.1,7.2,238.0,82.43999999999998,1,0
358,2022-01-24,0.0,13.4,18.9,7.2,16604.0,22122.559999999987,0,0
359,2022-01-25,0.0,14.2,16.7,8.3,17720.0,24055.909999999993,0,0
360,2022-01-26,0.0,13.4,19.4,8.3,18370.0,24947.989999999954,0,0
361,2022-01-27,0.0,12.9,21.1,5.6,18855.0,25461.519999999895,0,0
362,2022-01-28,0.0,13.4,25.0,6.1,19573.0,26911.269999999888,0,0
363,2022-01-29,0.0,13.2,20.6,7.2,17966.0,25773.810000000012,0,0
364,2022-01-30,0.0,12.5,19.4,5.6,262.0,86.39999999999999,1,0
365,2022-01-31,0.0,11.8,16.7,6.1,16807.0,22717.039999999968,0,0
366,2022-02-01,0.0,14.3,17.2,10.0,17619.0,24392.169999999966,0,0
367,2022-02-02,0.0,12.7,18.9,7.2,18514.0,25399.77999999996,0,0
368,2022-02-03,0.0,11.4,17.8,3.9,18860.0,26131.549999999952,0,0
369,2022-02-04,0.0,11.8,19.4,4.4,19957.0,27656.13999999997,0,0
370,2022-02-05,0.0,12.1,20.0,3.9,18347.0,26387.779999999955,0,0
371,2022-02-06,0.0,12.4,22.2,4.4,245.0,96.59999999999998,1,0
372,2022-02-07,0.0,14.9,23.3,6.7,17357.0,23616.069999999963,0,0
373,2022-02-08,0.0,15.5,24.4,6.7,17839.0,24898.929999999986,0,0
374,2022-02-09,0.0,16.6,29.4,7.2,18232.0,25142.369999999948,0,0
375,2022-02-10,0.0,18.8,27.8,10.0,19035.0,26330.009999999973,0,0
376,2022-02-11,0.0,18.2,27.2,10.0,19924.0,27396.38999999994,0,0
377,2022-02-12,0.0,18.6,32.8,9.4,18849.0,27480.29999999995,0,0
378,2022-02-13,0.0,18.6,28.3,8.9,226.0,75.99999999999999,1,0
379,2022-02-14,0.0,16.4,23.9,8.3,19082.0,26064.07000000001,0,0
380,2022-02-15,5.6,14.2,15.6,9.4,17607.0,25394.02999999994,0,0
381,2022-02-16,0.0,12.0,16.7,7.8,19042.0,26837.559999999994,0,0
382,2022-02-17,0.0,13.5,21.7,7.8,19212.0,27016.94999999996,0,0
383,2022-02-18,0.0,13.1,20.6,5.0,20379.0,28928.84999999997,0,0
384,2022-02-19,0.0,12.9,20.0,5.6,18518.0,27276.059999999965,0,0
385,2022-02-20,0.0,13.4,17.2,10.0,241.0,92.89999999999998,1,0
386,2022-02-21,0.0,14.6,16.7,12.8,1185.0,427.8900000000004,0,1
387,2022-02-22,6.9,13.6,15.6,11.1,18486.0,26230.999999999938,0,0
388,2022-02-23,5.3,11.4,13.3,8.9,18622.0,26491.70999999992,0,0
389,2022-02-24,0.0,10.5,15.6,4.4,19203.0,27090.809999999958,0,0
390,2022-02-25,0.0,10.1,15.6,3.3,19639.0,27887.94999999993,0,0
391,2022-02-26,0.0,11.6,19.4,4.4,18553.0,27335.87999999997,0,0
392,2022-02-27,0.0,13.8,20.6,6.1,231.0,86.4,1,0
393,2022-02-28,0.0,14.6,23.9,6.7,17240.0,23982.669999999973,0,0
394,2022-03-01,0.0,15.8,24.4,7.2,18352.0,25443.68999999995,0,0
395,2022-03-02,0.0,16.8,25.6,7.8,18730.0,26174.959999999974,0,0
396,2022-03-03,0.0,14.7,16.1,11.1,18976.0,27077.329999999958,0,0
397,2022-03-04,15.7,14.5,17.2,11.7,19878.0,28482.719999999932,0,0
398,2022-03-05,0.3,13.8,15.0,11.7,17836.0,27035.919999999925,0,0
399,2022-03-06,0.0,12.6,16.1,9.4,184.0,70.7,1,0
400,2022-03-07,0.0,12.4,17.8,6.7,17659.0,25024.239999999943,0,0
401,2022-03-08,0.0,13.2,19.4,5.6,19101.0,26788.899999999972,0,0
402,2022-03-09,0.0,12.9,17.2,6.7,18937.0,26711.990000000005,0,0
403,2022-03-10,0.0,15.0,17.8,11.7,19557.0,27587.089999999975,0,0
404,2022-03-11,0.0,13.9,20.6,7.8,20216.0,28312.229999999916,0,0
405,2022-03-12,0.0,14.4,22.2,6.7,18661.0,28152.409999999963,0,0
406,2022-03-13,0.0,13.9,17.2,9.4,251.0,93.64999999999995,1,0
407,2022-03-14,0.0,14.8,18.9,11.1,17754.0,24694.309999999958,0,0
408,2022-03-15,0.0,14.8,18.9,10.6,18974.0,26911.679999999928,0,0
409,2022-03-16,0.0,16.1,19.4,13.3,19169.0,26947.3299999999,0,0
410,2022-03-17,0.0,16.1,23.3,10.6,19703.0,28450.879999999936,0,0
411,2022-03-18,0.0,16.4,23.3,10.0,20436.0,29074.68999999995,0,0
412,2022-03-19,1.5,16.0,18.9,12.8,18929.0,28143.029999999988,0,0
413,2022-03-20,5.8,14.9,17.8,12.8,280.0,99.74999999999994,1,0
414,2022-03-21,0.0,15.1,19.4,11.1,19050.0,26348.87999999995,0,0
415,2022-03-22,0.0,16.9,25.0,11.1,19701.0,27842.369999999977,0,0
416,2022-03-23,0.0,20.2,29.4,12.8,19662.0,27895.139999999967,0,0
417,2022-03-24,0.0,18.9,22.2,12.8,20075.0,28419.52999999994,0,0
418,2022-03-25,0.0,16.3,19.4,13.3,20397.0,28890.96999999997,0,0
419,2022-03-26,0.0,15.4,18.9,12.8,18402.0,27432.759999999966,0,0
420,2022-03-27,0.0,15.0,17.2,13.3,298.0,108.89999999999995,1,0
421,2022-03-28,12.2,15.9,18.9,12.2,17004.0,24164.459999999963,0,0
422,2022-03-29,5.3,14.6,17.2,12.2,19527.0,26800.789999999935,0,0
423,2022-03-30,0.0,15.4,18.3,12.8,19405.0,27444.039999999964,0,0
424,2022-03-31,0.0,15.2,16.7,13.9,2888.0,983.5800000000011,0,1
425,2022-04-01,0.0,16.1,20.0,14.4,20014.0,28524.919999999944,0,0
426,2022-04-02,0.0,15.9,16.7,14.4,18045.0,27431.629999999976,0,0
427,2022-04-03,0.3,15.6,17.2,13.9,186.0,60.750000000000014,1,0
428,2022-04-04,0.0,16.3,18.9,13.3,17885.0,25304.349999999966,0,0
429,2022-04-05,0.0,15.3,20.0,11.7,18767.0,26200.619999999933,0,0
430,2022-04-06,0.0,17.3,22.2,12.8,19770.0,27485.239999999954,0,0
431,2022-04-07,0.0,19.2,31.7,12.8,19563.0,27495.349999999966,0,0
432,2022-04-08,0.0,24.3,35.0,14.4,20068.0,28379.19999999994,0,0
433,2022-04-09,0.0,20.7,21.1,15.0,18185.0,26812.57999999998,0,0
434,2022-04-10,0.0,16.8,19.4,15.6,246.0,90.0,1,0
435,2022-04-11,0.0,16.3,18.3,13.9,18512.0,26117.44999999996,0,0
436,2022-04-12,0.0,15.7,18.9,12.8,19235.0,27232.179999999953,0,0
437,2022-04-13,0.0,14.7,18.9,10.6,19995.0,28045.82999999995,0,0
438,2022-04-14,0.0,14.2,18.9,8.9,20555.0,29324.28999999997,0,0
439,2022-04-15,0.0,15.7,19.4,12.2,21787.0,30877.12999999995,0,0
440,2022-04-16,0.0,16.2,18.9,15.0,18413.0,27673.039999999954,0,0
441,2022-04-17,0.0,16.3,19.4,13.9,226.0,86.24999999999994,1,0
442,2022-04-18,0.0,16.1,20.6,13.9,18555.0,25851.06999999994,0,0
443,2022-04-19,0.0,16.5,20.6,13.3,19730.0,27859.6399999999,0,0
444,2022-04-20,0.0,16.5,19.4,13.3,19581.0,28165.929999999928,0,0
445,2022-04-21,0.0,15.3,19.4,11.1,19977.0,28319.279999999915,0,0
446,2022-04-22,0.3,16.3,18.9,12.8,20855.0,30475.939999999937,0,0
447,2022-04-23,0.0,14.8,18.9,10.6,18969.0,28563.64999999998,0,0
448,2022-04-24,0.0,17.2,26.1,11.1,266.0,104.34999999999995,1,0
449,2022-04-25,0.0,20.0,27.8,11.7,17571.0,24861.90999999992,0,0
450,2022-04-26,0.0,18.2,22.8,11.7,18800.0,27031.13999999996,0,0
451,2022-04-27,0.0,16.3,17.8,13.9,19085.0,27227.989999999907,0,0
452,2022-04-28,0.0,15.3,17.8,13.9,19467.0,28247.609999999913,0,0
453,2022-04-29,0.0,15.9,19.4,12.8,20278.0,29142.399999999965,0,0
454,2022-04-30,0.0,16.3,20.0,12.2,18562.0,28399.09999999995,0,0
455,2022-05-01,0.0,16.6,18.9,14.4,226.0,86.65,1,0
456,2022-05-02,0.0,15.7,18.3,14.4,17966.0,25109.17999999994,0,0
457,2022-05-03,0.0,16.3,17.8,13.9,18910.0,26889.139999999952,0,0
458,2022-05-04,0.0,15.6,20.0,12.2,19115.0,27507.259999999944,0,0
459,2022-05-05,0.0,17.3,20.6,14.4,19607.0,28488.25999999993,0,0
460,2022-05-06,0.0,16.3,19.4,14.4,20314.0,29566.449999999953,0,0
461,2022-05-07,0.0,17.2,18.9,15.6,18168.0,27838.11999999997,0,0
462,2022-05-08,0.0,16.3,18.3,14.4,220.0,81.54999999999995,1,0
463,2022-05-09,0.0,15.7,19.4,13.3,17661.0,25103.42999999994,0,0
464,2022-05-10,0.0,15.3,18.9,11.1,19350.0,27915.629999999943,0,0
465,2022-05-11,0.0,14.9,18.3,11.7,19129.0,28105.81999999996,0,0
466,2022-05-12,0.0,16.2,23.9,9.4,19205.0,27605.010000000002,0,0
467,2022-05-13,0.0,18.8,25.0,11.7,19945.0,29112.439999999933,0,0
468,2022-05-14,0.0,20.2,27.2,12.8,17966.0,27393.129999999983,0,0
469,2022-05-15,0.0,19.4,21.1,15.0,237.0,80.14999999999999,1,0
470,2022-05-16,0.0,16.2,19.4,14.4,17564.0,25159.459999999937,0,0
471,2022-05-17,0.0,16.0,17.8,13.9,18606.0,26823.76999999996,0,0
472,2022-05-18,0.0,16.2,18.3,15.0,17674.0,26999.04999999994,0,0
473,2022-05-19,0.0,15.8,18.3,14.4,15.0,19.5,0,1
474,2022-05-20,0.5,16.0,18.3,14.4,49.0,42.699999999999996,0,1
475,2022-05-21,0.0,16.1,18.9,15.0,91.0,55.3,0,1
476,2022-05-22,0.0,16.6,20.0,14.4,2.0,0.5,1,0
477,2022-05-23,0.0,15.5,18.3,13.9,2122.0,1150.7799999999993,0,1
478,2022-05-24,0.0,15.8,17.8,14.4,19050.0,27416.70999999996,0,0
479,2022-05-25,0.0,15.6,18.9,12.8,18986.0,27740.599999999966,0,0
480,2022-05-26,0.0,16.8,18.9,15.6,18963.0,27768.21999999993,0,0
481,2022-05-27,0.0,16.8,20.0,15.6,20059.0,29364.899999999896,0,0
482,2022-05-28,0.0,16.9,18.3,15.6,17690.0,27097.43999999994,0,0
483,2022-05-29,0.0,17.1,19.4,15.6,286.0,107.09999999999998,1,0
484,2022-05-30,0.0,17.1,20.0,15.6,534.0,257.1,0,1
485,2022-05-31,0.0,17.4,20.0,15.6,18590.0,26072.68999999993,0,0
486,2022-06-01,0.0,17.4,19.4,16.1,18900.0,27119.349999999937,0,0
487,2022-06-02,0.0,16.6,19.4,15.0,19208.0,27674.979999999927,0,0
488,2022-06-03,0.0,16.3,19.4,15.0,20125.0,29326.39999999989,0,0
489,2022-06-04,0.0,17.4,20.0,16.1,18003.0,27489.07999999996,0,0
490,2022-06-05,0.0,17.9,21.1,16.7,257.0,94.49999999999994,1,0
491,2022-06-06,0.0,18.4,21.1,16.1,18129.0,25774.679999999964,0,0
492,2022-06-07,0.0,17.5,19.4,16.1,18990.0,27000.189999999944,0,0
493,2022-06-08,0.0,17.6,20.6,16.1,19220.0,28066.449999999975,0,0
494,2022-06-09,0.0,17.6,20.6,16.1,19204.0,27876.78999999991,0,0
495,2022-06-10,0.0,18.0,21.7,15.6,18239.0,27946.839999999946,0,0
496,2022-06-11,0.0,18.8,21.7,16.7,118.0,139.65,0,1
497,2022-06-12,0.0,18.3,20.0,16.7,68.0,26.450000000000006,1,0
498,2022-06-13,0.0,17.6,19.4,16.7,17546.0,25230.52999999997,0,0
499,2022-06-14,0.0,18.1,20.6,16.7,18993.0,27473.41999999997,0,0
500,2022-06-15,0.0,17.7,20.0,16.1,19381.0,27789.519999999953,0,0
501,2022-06-16,0.0,17.9,20.6,16.7,19796.0,28638.30999999993,0,0
502,2022-06-17,0.0,18.1,20.0,16.7,19953.0,29129.949999999946,0,0
503,2022-06-18,0.0,17.7,20.0,16.1,17546.0,26718.83999999995,0,0
504,2022-06-19,0.0,17.9,22.2,13.3,206.0,76.44999999999997,1,0
505,2022-06-20,0.0,19.6,25.0,14.4,17203.0,25011.669999999966,0,1
506,2022-06-21,0.0,19.9,22.8,18.3,19352.0,27337.75999999996,0,0
507,2022-06-22,0.0,20.3,23.3,17.8,19203.0,27791.159999999945,0,0
508,2022-06-23,0.0,20.9,24.4,18.9,17316.0,26848.219999999954,0,0
509,2022-06-24,0.0,20.8,23.3,17.8,1905.0,1173.5400000000002,0,1
510,2022-06-25,0.0,19.9,22.2,16.1,17516.0,26829.039999999986,0,0
511,2022-06-26,0.0,19.4,22.8,16.7,233.0,78.95,1,0
512,2022-06-27,0.0,19.7,23.9,16.7,17737.0,25020.439999999962,0,0
513,2022-06-28,0.0,21.3,25.0,18.3,18746.0,26694.219999999943,0,0
514,2022-06-29,0.0,21.5,24.4,18.9,19488.0,27891.889999999952,0,0
515,2022-06-30,0.0,20.9,24.4,18.9,19731.0,28045.93999999991,0,0
516,2022-07-01,0.0,20.6,22.8,18.9,20539.0,29887.429999999946,0,0
517,2022-07-02,0.0,20.4,22.2,18.3,17684.0,26722.43999999997,0,0
518,2022-07-03,0.0,19.3,21.1,17.8,285.0,101.99999999999994,1,0
519,2022-07-04,0.0,19.1,20.6,17.8,325.0,157.49999999999997,0,1
520,2022-07-05,0.0,19.6,22.2,18.9,18852.0,26750.029999999933,0,0
521,2022-07-06,0.0,20.6,22.8,18.9,19226.0,27294.489999999907,0,0
522,2022-07-07,0.0,19.7,21.7,18.3,19173.0,28089.459999999915,0,0
523,2022-07-08,0.0,19.5,22.2,18.3,19842.0,28734.789999999943,0,0
524,2022-07-09,0.0,20.0,22.2,17.8,17381.0,26912.640000000003,0,0
525,2022-07-10,0.0,19.8,22.8,17.2,226.0,76.55,1,0
526,2022-07-11,0.0,19.5,21.1,17.8,17557.0,25137.769999999942,0,0
527,2022-07-12,0.0,18.6,21.7,17.2,18654.0,26858.969999999965,0,0
528,2022-07-13,0.0,18.9,21.7,17.2,19462.0,28187.34999999995,0,0
529,2022-07-14,0.0,19.3,21.7,17.8,19569.0,28455.669999999864,0,0
530,2022-07-15,0.0,19.1,21.7,17.8,20528.0,30419.999999999975,0,0
531,2022-07-16,0.0,18.9,21.7,17.8,16976.0,27447.98999999998,0,0
532,2022-07-17,0.0,18.9,21.7,17.2,220.0,83.94999999999999,1,0
533,2022-07-18,0.0,20.2,25.0,18.3,18163.0,25793.04999999998,0,0
534,2022-07-19,0.0,21.8,25.6,19.4,18994.0,27206.24999999991,0,0
535,2022-07-20,0.0,22.0,26.7,20.0,19304.0,28333.099999999944,0,0
536,2022-07-21,0.0,22.2,25.6,18.9,19655.0,28941.54999999994,0,0
537,2022-07-22,0.0,20.8,23.3,18.9,19555.0,29269.84999999994,0,0
538,2022-07-23,0.0,20.4,23.3,18.9,17319.0,27167.90999999995,0,0
539,2022-07-24,0.0,20.8,23.3,18.9,225.0,85.63999999999999,1,0
540,2022-07-25,0.0,21.4,23.3,19.4,17776.0,25494.679999999982,0,0
541,2022-07-26,0.0,20.9,24.4,19.4,19326.0,27850.32999999993,0,0
542,2022-07-27,0.0,21.8,24.4,19.4,19915.0,28728.569999999916,0,0
543,2022-07-28,0.0,21.2,24.4,19.4,20026.0,28848.16999999994,0,0
544,2022-07-29,0.0,20.8,23.9,18.9,20034.0,29295.329999999976,0,0
545,2022-07-30,0.0,21.9,25.6,20.0,17590.0,26976.269999999953,0,0
546,2022-07-31,0.0,22.8,26.1,20.6,239.0,89.19999999999997,1,0
547,2022-08-01,0.0,23.2,26.7,21.1,18035.0,25767.19999999994,0,0
548,2022-08-02,0.0,23.4,26.1,21.1,18785.0,27252.239999999918,0,0
549,2022-08-03,0.0,22.7,25.0,20.6,19278.0,27561.749999999978,0,0
550,2022-08-04,0.0,21.9,26.1,20.0,19318.0,28571.469999999932,0,0
551,2022-08-05,0.0,22.8,26.7,20.6,20040.0,28982.23999999996,0,0
552,2022-08-06,0.0,22.7,25.6,20.6,17410.0,26651.069999999963,0,0
553,2022-08-07,0.0,22.6,26.1,19.4,277.0,96.44999999999999,1,0
554,2022-08-08,0.0,22.6,27.2,20.0,17693.0,25694.639999999963,0,0
555,2022-08-09,0.0,24.4,29.4,21.1,19356.0,27565.139999999992,0,0
556,2022-08-10,0.0,25.1,29.4,22.2,19378.0,28098.909999999993,0,0
557,2022-08-11,0.0,24.1,28.3,20.6,19514.0,28143.989999999998,0,0
558,2022-08-12,0.0,23.4,27.8,20.6,20203.0,29099.909999999923,0,0
559,2022-08-13,0.0,23.7,26.7,21.1,17482.0,26733.559999999976,0,0
560,2022-08-14,0.0,23.4,27.2,21.1,265.0,97.93999999999997,1,0
561,2022-08-15,0.0,23.9,26.1,21.1,17927.0,25348.460000000003,0,0
562,2022-08-16,0.0,23.1,26.7,20.6,18982.0,27180.039999999986,0,0
563,2022-08-17,0.0,23.3,27.2,20.6,19624.0,27889.96999999997,0,0
564,2022-08-18,0.0,23.7,27.2,20.6,19007.0,27918.269999999924,0,0
565,2022-08-19,0.0,22.0,25.0,20.0,19897.0,28923.379999999936,0,0
566,2022-08-20,0.0,21.7,24.4,20.6,17408.0,26723.88999999996,0,0
567,2022-08-21,0.0,21.9,23.9,20.0,233.0,94.64999999999998,1,0
568,2022-08-22,0.0,22.1,26.1,20.6,17939.0,25298.439999999984,0,0
569,2022-08-23,0.0,21.9,24.4,20.6,18761.0,27301.74999999998,0,0
570,2022-08-24,0.0,22.1,24.4,20.6,19292.0,27846.869999999955,0,0
571,2022-08-25,0.0,22.9,26.1,21.1,19710.0,28651.04999999989,0,0
572,2022-08-26,0.0,23.9,26.7,21.7,19956.0,29124.009999999907,0,0
573,2022-08-27,0.0,22.8,25.0,21.1,18084.0,27354.749999999953,0,0
574,2022-08-28,0.0,22.4,24.4,21.1,252.0,92.75,1,0
575,2022-08-29,0.0,22.7,25.6,21.7,17694.0,25244.889999999945,0,0
576,2022-08-30,0.0,23.3,27.8,20.6,18380.0,26373.479999999938,0,0
577,2022-08-31,0.0,24.7,29.4,20.6,19050.0,27487.979999999916,0,0
578,2022-09-01,0.0,25.1,29.4,21.1,19036.0,27392.77999999998,0,0
579,2022-09-02,0.0,25.6,31.7,22.2,19695.0,28930.75999999994,0,0
580,2022-09-03,0.0,27.1,35.0,23.3,17175.0,26284.67999999996,0,0
581,2022-09-04,0.0,30.6,32.8,25.6,278.0,102.99999999999996,1,0
582,2022-09-05,0.0,27.1,31.7,23.3,518.0,232.5999999999999,0,1
583,2022-09-06,0.0,25.8,30.0,22.8,18410.0,25860.919999999947,0,0
584,2022-09-07,0.0,26.3,31.7,22.8,18205.0,26492.84999999992,0,0
585,2022-09-08,0.5,26.8,34.4,23.9,18525.0,26845.80999999999,0,0
586,2022-09-09,16.0,28.1,31.7,21.1,16699.0,25911.859999999964,0,0
587,2022-09-10,0.0,23.4,26.7,22.2,17687.0,27477.819999999974,0,0
588,2022-09-11,0.0,25.2,28.9,23.3,215.0,81.69999999999999,1,0
589,2022-09-12,0.0,24.8,27.2,22.8,17401.0,24836.999999999945,0,0
590,2022-09-13,0.0,23.9,26.7,21.1,17973.0,25632.879999999946,0,0
591,2022-09-14,0.0,21.8,24.4,20.6,18060.0,26358.619999999974,0,0
592,2022-09-15,0.0,21.8,23.9,19.4,18655.0,26874.109999999935,0,0
593,2022-09-16,0.0,21.2,24.4,18.9,19879.0,28597.369999999875,0,0
594,2022-09-17,0.0,21.2,23.9,18.9,17731.0,27084.31999999999,0,0
595,2022-09-18,0.0,21.2,22.8,18.3,320.0,113.23999999999997,1,0
596,2022-09-19,0.0,20.7,24.4,18.3,17602.0,24941.259999999973,0,0
597,2022-09-20,0.0,21.4,25.6,17.8,17668.0,25633.439999999915,0,0
598,2022-09-21,0.0,22.4,25.6,19.4,18093.0,26299.159999999953,0,0
599,2022-09-22,0.0,21.6,26.1,16.7,18469.0,27309.51999999994,0,0
600,2022-09-23,0.0,22.6,27.2,19.4,18871.0,27625.5499999999,0,0
601,2022-09-24,0.0,23.3,27.2,20.0,16878.0,26043.369999999933,0,0
602,2022-09-25,0.0,23.5,26.7,20.6,233.0,87.94999999999999,1,0
603,2022-09-26,0.0,22.9,26.7,20.0,17097.0,24928.05999999996,0,0
604,2022-09-27,0.0,23.2,29.4,20.0,18280.0,26547.079999999994,0,0
605,2022-09-28,0.0,22.3,26.1,20.0,18165.0,26694.839999999964,0,0
606,2022-09-29,0.0,20.8,25.0,18.9,18606.0,27681.22999999995,0,0
607,2022-09-30,0.0,21.0,22.8,19.4,19191.0,28232.36999999994,0,0
608,2022-10-01,0.0,20.3,22.8,18.9,16907.0,26134.86999999995,0,0
609,2022-10-02,0.0,20.9,23.3,20.0,237.0,84.89999999999996,1,0
610,2022-10-03,0.0,21.2,22.8,20.0,16868.0,24572.669999999947,0,0
611,2022-10-04,0.0,20.7,23.3,18.9,17765.0,25982.819999999923,0,0
612,2022-10-05,0.0,19.8,21.1,18.3,17946.0,26789.989999999965,0,0
613,2022-10-06,0.0,19.4,21.1,18.3,18813.0,27689.97999999995,0,0
614,2022-10-07,0.0,20.7,23.9,18.3,19707.0,29053.81999999992,0,0
615,2022-10-08,0.0,21.4,25.0,18.9,17052.0,26656.139999999952,0,0
616,2022-10-09,0.0,20.8,24.4,19.4,218.0,79.19999999999999,1,0
617,2022-10-10,0.0,20.6,22.8,19.4,16504.0,24173.699999999953,0,1
618,2022-10-11,0.3,20.5,22.8,19.4,17679.0,25830.13999999992,0,0
619,2022-10-12,0.0,20.7,23.3,20.0,18293.0,26542.559999999943,0,0
620,2022-10-13,0.0,20.3,21.1,18.9,18008.0,26889.829999999947,0,0
621,2022-10-14,0.0,19.4,20.6,18.3,19040.0,28739.11999999993,0,0
622,2022-10-15,0.5,20.1,22.8,17.8,16915.0,26666.739999999987,0,0
623,2022-10-16,0.0,20.0,23.3,18.3,208.0,83.29999999999998,1,0
624,2022-10-17,0.0,20.0,23.3,16.1,17266.0,24547.639999999956,0,0
625,2022-10-18,0.0,20.9,27.2,16.1,17877.0,26323.16999999996,0,0
626,2022-10-19,0.0,24.2,35.0,16.7,17492.0,26256.339999999967,0,0
627,2022-10-20,0.0,22.9,26.7,16.7,18084.0,26456.40999999995,0,0
628,2022-10-21,0.0,20.0,22.8,18.9,18910.0,27873.36999999996,0,0
629,2022-10-22,0.8,20.3,21.1,17.8,16905.0,26097.01999999993,0,0
630,2022-10-23,0.8,18.7,20.6,15.0,209.0,79.44999999999997,1,0
631,2022-10-24,0.0,17.6,23.3,11.7,16278.0,23705.159999999996,0,0
632,2022-10-25,0.0,17.7,23.3,10.6,17438.0,25172.989999999918,0,0
633,2022-10-26,0.0,18.3,21.7,14.4,17889.0,26360.40999999999,0,0
634,2022-10-27,0.0,18.8,21.1,15.0,18011.0,26479.899999999947,0,0
635,2022-10-28,0.0,17.4,22.2,12.8,18790.0,27323.439999999933,0,0
636,2022-10-29,0.0,18.2,22.8,13.3,16839.0,25564.819999999934,0,0
637,2022-10-30,0.0,17.8,24.4,12.2,218.0,80.99999999999999,1,0
638,2022-10-31,0.0,18.2,25.0,12.8,15406.0,21844.22999999995,0,0
639,2022-11-01,0.0,19.3,20.6,17.2,16952.0,24524.679999999957,0,0
640,2022-11-02,1.8,17.6,19.4,15.6,17956.0,26266.46999999997,0,0
641,2022-11-03,0.0,16.4,17.8,11.7,18096.0,26567.0299999999,0,0
642,2022-11-04,0.0,14.1,20.6,8.3,19024.0,27822.24999999996,0,0
643,2022-11-05,0.0,15.2,21.1,9.4,16556.0,25327.37999999992,0,0
644,2022-11-06,0.0,15.1,19.4,10.6,201.0,77.89,1,0
645,2022-11-07,2.5,17.1,19.4,15.6,16237.0,23531.929999999935,0,0
646,2022-11-08,21.3,17.7,19.4,13.3,15212.0,23049.96999999994,0,0
647,2022-11-09,1.5,15.6,21.1,10.6,18387.0,27061.029999999948,0,0
648,2022-11-10,0.0,13.1,18.3,7.8,18666.0,27581.27999999995,0,0
649,2022-11-11,0.0,13.5,20.6,7.2,1783.0,760.8,0,1
650,2022-11-12,0.0,13.4,19.4,7.2,17924.0,27728.149999999972,0,0
651,2022-11-13,0.0,13.9,17.8,10.6,187.0,68.14999999999998,1,0
652,2022-11-14,0.0,14.5,20.0,8.3,16470.0,24141.459999999985,0,0
653,2022-11-15,0.0,13.9,20.6,7.8,17160.0,25495.719999999976,0,0
654,2022-11-16,0.0,14.4,24.4,7.2,17754.0,26226.719999999972,0,0
655,2022-11-17,0.0,14.2,21.7,5.6,18121.0,26931.089999999975,0,0
656,2022-11-18,0.0,13.7,18.3,7.2,18786.0,27843.96999999994,0,0
657,2022-11-19,0.0,14.3,23.3,8.3,17362.0,26624.019999999946,0,0
658,2022-11-20,0.0,15.0,24.4,7.2,185.0,69.9,1,0
659,2022-11-21,0.0,15.6,24.4,7.8,17556.0,25212.409999999945,0,0
660,2022-11-22,0.0,14.5,22.2,7.2,18427.0,26114.92999999995,0,0
661,2022-11-23,0.0,13.2,21.7,6.1,17941.0,25430.78999999994,0,0
662,2022-11-24,0.0,15.3,27.8,7.2,219.0,111.5,0,1
663,2022-11-25,0.0,16.5,23.3,8.3,13922.0,20885.980000000018,0,0
664,2022-11-26,0.0,14.2,19.4,7.2,15534.0,24037.409999999963,0,0
665,2022-11-27,0.0,13.7,19.4,6.7,204.0,68.13999999999999,1,0
666,2022-11-28,0.0,15.2,17.2,13.3,15607.0,21979.45,0,0
667,2022-11-29,0.0,15.5,17.2,10.6,16568.0,24128.25999999992,0,0
668,2022-11-30,0.0,13.4,16.7,8.9,17247.0,25324.56999999995,0,0
669,2022-12-01,0.0,14.6,16.7,13.3,17838.0,26016.659999999963,0,0
670,2022-12-02,0.0,15.4,20.6,10.6,18870.0,27727.919999999936,0,0
671,2022-12-03,0.0,14.4,19.4,10.0,17789.0,27508.719999999954,0,0
672,2022-12-04,0.0,14.6,18.3,10.0,196.0,68.85,1,0
673,2022-12-05,0.3,16.1,18.3,12.8,16186.0,23274.31999999996,0,0
674,2022-12-06,0.0,14.3,17.2,11.1,17319.0,25198.05999999997,0,0
675,2022-12-07,0.0,13.7,17.2,10.0,17758.0,25846.989999999918,0,0
676,2022-12-08,0.0,12.1,16.7,6.7,18304.0,26691.239999999903,0,0
677,2022-12-09,0.0,11.7,16.7,6.1,18654.0,27985.899999999983,0,0
678,2022-12-10,0.0,11.4,17.8,6.1,16713.0,25792.469999999936,0,0
679,2022-12-11,11.4,13.1,16.1,10.6,191.0,74.14999999999999,1,0
680,2022-12-12,11.9,11.3,13.3,7.8,15541.0,22332.47999999997,0,0
681,2022-12-13,0.0,10.2,15.6,5.6,17460.0,24863.459999999923,0,0
682,2022-12-14,0.0,10.8,16.7,5.0,17765.0,26236.749999999956,0,0
683,2022-12-15,0.0,10.9,16.7,5.6,18070.0,26402.729999999945,0,0
684,2022-12-16,0.0,13.4,20.0,7.8,18758.0,27551.669999999966,0,0
685,2022-12-17,0.0,11.3,18.3,3.9,16481.0,25601.279999999933,0,0
686,2022-12-18,0.0,13.2,17.2,7.8,215.0,79.74999999999996,1,0
687,2022-12-19,0.0,10.9,18.3,3.9,17255.0,24277.47999999994,0,0
688,2022-12-20,0.0,11.2,18.9,4.4,18355.0,26112.429999999935,0,0
689,2022-12-21,0.0,11.9,20.6,5.6,18344.0,26237.40999999997,0,0
690,2022-12-22,0.0,12.8,18.9,6.7,18450.0,26305.629999999936,0,0
691,2022-12-23,0.0,13.0,17.2,7.8,18417.0,25663.789999999964,0,0
692,2022-12-24,0.0,12.9,20.6,7.8,10900.0,15945.279999999982,0,0
693,2022-12-25,0.0,15.6,26.7,8.3,120.0,40.25,1,0
694,2022-12-26,0.0,17.1,27.8,9.4,1204.0,496.80000000000075,0,1
695,2022-12-27,4.3,14.9,17.8,10.6,17385.0,25240.119999999937,0,0
696,2022-12-28,11.4,15.8,18.3,14.4,19064.0,27541.65999999997,0,0
697,2022-12-29,0.0,14.9,16.7,12.8,19022.0,28090.089999999956,0,0
698,2022-12-30,0.0,14.9,16.7,13.3,19145.0,28320.15999999996,0,0
699,2022-12-31,0.8,15.2,16.1,14.4,14925.0,23463.999999999985,0,1
700,2023-01-01,25.9,15.0,16.1,13.3,0.0,0.0,1,1
701,2023-01-02,0.5,13.9,15.6,11.1,0.0,0.0,0,0
702,2023-01-03,8.6,14.2,17.8,12.2,0.0,0.0,0,0
703,2023-01-04,0.8,16.3,18.3,15.0,0.0,0.0,0,0
704,2023-01-05,5.6,15.7,17.2,12.8,0.0,0.0,0,0
705,2023-01-06,0.0,13.6,17.2,8.9,8.0,7.55,0,0
706,2023-01-07,0.0,13.1,19.4,7.8,0.0,0.0,0,0
707,2023-01-08,0.0,13.7,20.0,8.3,0.0,0.0,1,0
708,2023-01-09,0.0,13.6,18.3,9.4,0.0,0.0,0,0
709,2023-01-10,5.1,15.8,17.2,11.1,0.0,0.0,0,0
710,2023-01-11,0.0,13.2,17.8,8.9,0.0,0.0,0,0
711,2023-01-12,0.0,14.0,22.8,8.3,0.0,0.0,0,0
712,2023-01-13,0.0,14.6,20.0,8.9,1.0,1.75,0,0
713,2023-01-14,19.0,12.8,16.7,10.0,0.0,0.0,0,0
714,2023-01-15,26.7,15.3,17.2,12.8,0.0,0.0,1,0
715,2023-01-16,24.6,14.4,16.7,11.1,0.0,0.0,0,1
716,2023-01-17,0.8,13.3,15.0,8.9,8.0,11.07,0,0
717,2023-01-18,0.0,11.3,16.1,6.7,28.0,33.5,0,0
718,2023-01-19,3.6,10.8,15.6,5.0,1548.0,881.5200000000004,0,0
719,2023-01-20,0.8,12.9,16.1,8.3,17323.0,27028.519999999935,0,0
720,2023-01-21,0.0,11.2,17.2,5.0,36.0,29.3,0,0
721,2023-01-22,0.0,10.8,16.1,4.4,0.0,0.0,1,0
722,2023-01-23,0.0,11.7,18.3,5.6,27.0,26.65,0,0
723,2023-01-24,0.0,11.8,18.9,5.0,39.0,32.65,0,0
724,2023-01-25,0.0,12.1,20.0,5.0,48.0,35.55,0,0
725,2023-01-26,0.0,14.4,21.7,6.7,62.0,63.87,0,0
726,2023-01-27,0.0,13.9,18.9,5.6,1847.0,1040.7500000000007,0,0
727,2023-01-28,0.0,12.7,16.1,8.9,17712.0,27405.80999999995,0,0
728,2023-01-29,0.0,14.0,15.0,11.7,188.0,71.5,1,0
729,2023-01-30,7.4,12.3,15.0,10.6,15394.0,22641.26999999997,0,0
730,2023-01-31,1.3,12.5,16.1,7.8,17707.0,25104.749999999985,0,0
731,2023-02-01,0.0,11.6,18.9,5.6,17914.0,26205.259999999984,0,0
732,2023-02-02,0.0,11.9,20.0,5.0,18142.0,26630.99999999997,0,0
733,2023-02-03,0.0,13.6,20.6,8.9,18500.0,27515.019999999942,0,0
734,2023-02-04,0.0,12.5,19.4,5.6,17880.0,28453.65999999995,0,0
735,2023-02-05,0.0,13.3,17.2,8.9,204.0,74.79999999999998,1,0
736,2023-02-06,0.0,14.1,18.3,9.4,17133.0,24750.549999999963,0,0
737,2023-02-07,0.0,13.1,21.1,6.1,17813.0,25995.33999999995,0,0
738,2023-02-08,0.0,13.6,21.1,7.2,17751.0,26175.769999999935,0,0
739,2023-02-09,0.0,14.7,25.6,7.2,18185.0,26987.24999999996,0,0
740,2023-02-10,0.0,16.9,22.8,7.8,18836.0,27965.749999999913,0,0
741,2023-02-11,0.0,15.4,16.1,10.6,17441.0,26861.13999999997,0,0
742,2023-02-12,9.9,12.1,15.6,7.8,207.0,75.79999999999998,1,0
743,2023-02-13,1.8,12.4,16.1,10.0,17111.0,24648.189999999955,0,0
744,2023-02-14,0.8,13.8,14.4,12.2,18335.0,27521.739999999925,0,0
745,2023-02-15,0.0,11.8,15.6,5.6,17927.0,26668.99999999996,0,0
746,2023-02-16,0.0,11.7,20.6,3.9,18064.0,26827.709999999915,0,0
747,2023-02-17,0.0,12.4,18.3,6.1,19000.0,28477.079999999976,0,0
748,2023-02-18,0.0,13.1,19.4,7.2,17731.0,27478.91999999996,0,0
749,2023-02-19,0.0,12.0,17.8,6.1,183.0,66.89999999999999,1,0
750,2023-02-20,0.0,12.8,18.9,7.2,1069.0,364.98000000000036,0,1
751,2023-02-21,0.5,13.2,17.2,8.3,17652.0,25769.17999999994,0,0
752,2023-02-22,0.0,12.9,15.0,10.6,18285.0,27389.1,0,0
753,2023-02-23,2.8,12.0,14.4,10.0,17985.0,27033.15999999998,0,0
754,2023-02-24,1.0,12.8,16.1,10.0,19257.0,29332.890000000014,0,0
755,2023-02-25,26.2,12.8,14.4,8.3,15301.0,24576.90999999996,0,0
756,2023-02-26,1.8,11.3,14.4,7.8,210.0,85.69999999999997,1,0
757,2023-02-27,0.0,10.8,15.6,6.1,16598.0,24686.58,0,0
758,2023-02-28,0.5,13.1,16.1,9.4,18075.0,26769.479999999894,0,0
759,2023-03-01,5.1,13.0,14.4,9.4,16898.0,25707.039999999946,0,0
760,2023-03-02,0.0,11.1,15.6,4.4,18175.0,26917.20999999995,0,0
761,2023-03-03,0.0,11.4,15.6,6.1,18748.0,28061.810000000005,0,0
762,2023-03-04,0.0,11.1,15.6,6.1,16980.0,26729.499999999935,0,0
763,2023-03-05,0.0,13.2,16.1,10.0,186.0,68.85,1,0
764,2023-03-06,0.0,12.8,16.7,8.9,16877.0,24531.16999999994,0,0
765,2023-03-07,0.0,13.4,16.1,8.9,17573.0,25961.159999999934,0,0
766,2023-03-08,0.0,11.7,16.1,7.2,18225.0,26982.499999999945,0,0
767,2023-03-09,0.0,12.6,17.2,8.9,18540.0,27390.359999999906,0,0
768,2023-03-10,18.5,13.8,17.2,10.6,18131.0,27588.10999999994,0,0
769,2023-03-11,3.8,15.4,17.8,14.4,17616.0,27537.889999999952,0,0
770,2023-03-12,0.0,16.1,18.3,13.9,235.0,89.14,1,0
771,2023-03-13,0.0,14.9,17.8,12.8,16919.0,24657.129999999976,0,0
772,2023-03-14,6.4,15.1,18.9,12.2,17791.0,26524.449999999917,0,0
773,2023-03-15,21.8,15.7,16.1,12.2,17655.0,26799.299999999894,0,0
774,2023-03-16,0.0,13.7,16.7,10.6,19171.0,28331.44999999991,0,0
775,2023-03-17,0.0,13.6,17.2,10.6,17094.0,27366.19999999995,0,0
776,2023-03-18,0.0,15.3,24.4,10.0,27.0,22.400000000000002,0,1
777,2023-03-19,3.3,16.9,17.8,14.4,1.0,0.5,1,0
778,2023-03-20,1.0,15.1,17.2,13.3,1856.0,1005.91,0,0
779,2023-03-21,26.9,14.4,17.8,12.2,15857.0,24595.219999999976,0,0
780,2023-03-22,0.8,14.7,17.2,11.7,18764.0,28010.259999999904,0,0
781,2023-03-23,2.0,13.9,16.7,11.7,18833.0,27808.14999999991,0,0
782,2023-03-24,0.0,13.9,17.2,10.0,19147.0,28353.249999999898,0,0
783,2023-03-25,0.0,13.1,17.2,8.9,17086.0,26606.61999999994,0,0
784,2023-03-26,0.0,13.2,17.2,8.9,245.0,92.04999999999998,1,0
785,2023-03-27,0.0,13.9,21.1,8.3,17088.0,24695.959999999966,0,0
786,2023-03-28,0.0,15.6,20.6,10.0,18265.0,26301.499999999945,0,0
787,2023-03-29,5.3,13.3,15.0,10.6,17290.0,26273.469999999958,0,0
788,2023-03-30,5.8,13.2,16.7,10.6,17689.0,27113.579999999958,0,0
789,2023-03-31,0.0,12.9,17.2,8.3,3002.0,1080.3400000000001,0,1
790,2023-04-01,0.0,13.8,18.9,8.3,17469.0,27582.979999999996,0,0
791,2023-04-02,0.0,14.1,17.2,10.0,209.0,69.99999999999999,1,0
792,2023-04-03,0.0,14.8,17.2,12.8,16939.0,25044.58999999997,0,0
793,2023-04-04,0.0,13.7,16.7,9.4,18276.0,27153.229999999945,0,0
794,2023-04-05,0.0,12.7,17.8,7.8,18244.0,26902.379999999976,0,0
795,2023-04-06,0.0,14.4,21.7,7.8,18906.0,27637.059999999936,0,0
796,2023-04-07,0.0,14.9,19.4,10.0,19681.0,28893.749999999956,0,0
797,2023-04-08,0.0,14.8,18.9,10.6,17011.0,26340.519999999968,0,0
798,2023-04-09,0.0,14.4,17.2,12.2,196.0,76.29999999999997,1,0
799,2023-04-10,0.0,14.1,17.8,11.7,16801.0,24362.809999999998,0,0
800,2023-04-11,0.0,14.3,18.3,12.2,18210.0,26515.079999999954,0,0
801,2023-04-12,2.3,14.3,15.6,13.3,18119.0,27219.269999999902,0,0
802,2023-04-13,0.3,13.7,15.0,12.2,18227.0,27629.47999999998,0,0
803,2023-04-14,0.0,14.5,17.8,13.3,19387.0,29053.17,0,0
804,2023-04-15,0.0,15.2,18.3,12.2,17210.0,27346.86999999998,0,0
805,2023-04-16,0.0,14.7,16.1,13.3,200.0,74.08999999999999,1,0
806,2023-04-17,0.3,14.2,17.2,13.3,16534.0,24339.069999999967,0,0
807,2023-04-18,0.3,15.1,18.3,12.8,18051.0,26608.309999999925,0,0
808,2023-04-19,0.0,15.4,19.4,11.7,18245.0,27334.90999999996,0,0
809,2023-04-20,0.0,16.0,23.3,10.6,18503.0,27104.939999999922,0,0
810,2023-04-21,0.0,19.7,27.8,12.2,18153.0,27180.24999999999,0,0
811,2023-04-22,0.0,20.2,27.2,13.3,17161.0,26384.73999999998,0,0
812,2023-04-23,0.0,17.5,18.3,15.0,183.0,69.98999999999998,1,0
813,2023-04-24,0.0,16.6,19.4,15.0,15991.0,23633.269999999968,0,0
814,2023-04-25,0.0,16.8,19.4,15.0,17284.0,25652.06999999993,0,0
815,2023-04-26,0.0,17.5,21.1,16.1,17791.0,26506.50999999996,0,0
816,2023-04-27,0.0,16.7,19.4,14.4,17728.0,26285.959999999937,0,0
817,2023-04-28,0.0,15.9,18.9,14.4,18297.0,27456.30999999993,0,0
818,2023-04-29,0.0,16.1,18.9,14.4,17477.0,27095.369999999977,0,0
819,2023-04-30,0.0,15.6,17.2,14.4,227.0,84.49,1,0
820,2023-05-01,0.0,15.5,18.3,13.9,16547.0,23960.309999999976,0,0
821,2023-05-02,0.0,16.1,18.3,13.3,17720.0,25912.449999999993,0,0
822,2023-05-03,1.3,15.3,18.9,11.7,17382.0,26012.869999999966,0,0
823,2023-05-04,0.5,16.6,19.4,14.4,18112.0,26905.199999999953,0,0
824,2023-05-05,0.5,16.3,19.4,13.9,18890.0,28297.729999999905,0,0
825,2023-05-06,0.0,16.3,20.0,12.2,16904.0,26413.80999999996,0,0
826,2023-05-07,0.0,16.7,21.1,12.8,284.0,123.29999999999995,1,0
827,2023-05-08,0.0,17.2,19.4,14.4,16197.0,23562.169999999933,0,0
828,2023-05-09,0.0,17.2,18.9,15.6,17640.0,25746.19999999997,0,0
829,2023-05-10,0.0,16.2,18.9,13.9,17963.0,26493.07000000003,0,0
830,2023-05-11,0.0,16.5,19.4,15.0,18329.0,27289.939999999966,0,0
831,2023-05-12,0.0,16.5,18.3,15.6,18633.0,27826.439999999966,0,0
832,2023-05-13,0.0,16.6,18.9,15.0,17550.0,27513.30999999997,0,0
833,2023-05-14,0.0,16.0,17.8,14.4,199.0,81.04999999999998,1,0
834,2023-05-15,0.0,16.6,19.4,15.0,16894.0,24515.74999999996,0,0
835,2023-05-16,0.0,17.0,21.1,15.0,17516.0,25907.109999999957,0,0
836,2023-05-17,0.0,16.3,17.8,14.4,17840.0,26595.299999999977,0,0
837,2023-05-18,0.0,16.1,19.4,14.4,18337.0,27337.76999999993,0,0
838,2023-05-19,0.0,16.7,18.9,15.6,18876.0,28228.019999999957,0,0
839,2023-05-20,0.0,17.2,19.4,16.1,17106.0,26644.50999999995,0,0
840,2023-05-21,0.0,17.4,20.6,16.1,305.0,77.94999999999999,1,0
841,2023-05-22,0.0,16.6,17.8,15.6,16981.0,24248.99,0,0
842,2023-05-23,0.0,16.3,17.8,15.0,17753.0,26082.389999999956,0,0
843,2023-05-24,0.0,16.1,18.9,14.4,17862.0,26220.55999999995,0,0
844,2023-05-25,0.0,16.8,19.4,16.1,18460.0,26846.909999999905,0,0
845,2023-05-26,0.0,17.1,20.6,15.6,19201.0,28807.719999999943,0,0
846,2023-05-27,0.0,17.3,20.6,15.6,17320.0,26530.649999999947,0,0
847,2023-05-28,0.0,17.2,19.4,16.1,221.0,53.650000000000006,1,0
848,2023-05-29,0.0,16.6,17.8,15.6,508.0,199.5,0,1
849,2023-05-30,0.0,17.1,18.9,15.6,17896.0,26206.23999999992,0,0
850,2023-05-31,0.0,16.8,18.9,13.9,17823.0,26071.829999999933,0,0
851,2023-06-01,0.0,16.9,18.9,15.0,18299.0,26603.889999999952,0,0
852,2023-06-02,0.0,17.6,20.6,16.1,18551.0,27569.349999999948,0,0
853,2023-06-03,0.0,17.4,20.6,15.6,17441.0,26602.669999999947,0,0
854,2023-06-04,0.0,17.8,20.6,16.7,273.0,67.49999999999999,1,0
855,2023-06-05,0.0,17.5,18.9,16.1,17321.0,25172.09999999996,0,0
856,2023-06-06,0.0,17.4,20.6,16.1,17541.0,25813.929999999997,0,0
857,2023-06-07,0.0,17.7,21.1,15.6,17697.0,26233.629999999972,0,0
858,2023-06-08,0.0,17.7,21.1,14.4,18338.0,26552.659999999927,0,0
859,2023-06-09,0.0,18.1,21.1,16.1,18854.0,27633.409999999963,0,0
860,2023-06-10,0.0,17.8,19.4,16.1,16770.0,25821.720000000012,0,0
861,2023-06-11,0.8,16.9,18.3,16.1,194.0,54.499999999999986,1,0
862,2023-06-12,0.0,17.3,20.6,15.6,16985.0,24744.779999999962,0,0
863,2023-06-13,0.0,17.8,19.4,16.7,18118.0,26522.719999999972,0,0
864,2023-06-14,0.0,17.9,20.6,16.7,17947.0,26919.709999999915,0,0
865,2023-06-15,0.0,18.1,21.7,16.1,18450.0,27017.15999999993,0,0
866,2023-06-16,0.0,19.1,22.2,17.8,18287.0,27234.969999999917,0,0
867,2023-06-17,0.0,18.9,21.7,17.2,16318.0,25567.55999999993,0,0
868,2023-06-18,0.0,18.1,20.6,16.7,229.0,55.0,1,0
869,2023-06-19,0.0,18.2,21.7,16.7,2006.0,748.8500000000009,0,1
870,2023-06-20,0.0,18.9,22.8,16.1,17841.0,25595.229999999945,0,0
871,2023-06-21,0.0,18.8,22.8,15.6,17997.0,26293.74999999994,0,0
872,2023-06-22,0.0,18.2,20.0,16.1,18003.0,26387.529999999973,0,0
873,2023-06-23,0.0,17.8,21.1,15.0,18231.0,27035.729999999963,0,0
874,2023-06-24,0.0,18.1,21.1,14.4,16712.0,26133.88999999993,0,0
875,2023-06-25,0.0,18.3,21.1,16.1,257.0,61.70000000000002,1,0
876,2023-06-26,0.0,18.6,21.7,16.1,16684.0,23650.029999999948,0,0
877,2023-06-27,0.0,18.4,21.7,15.6,17646.0,25472.96999999993,0,0
878,2023-06-28,0.0,18.0,20.6,16.7,17535.0,25484.85999999997,0,0
879,2023-06-29,0.0,18.3,21.7,16.7,18275.0,26416.93999999994,0,0
880,2023-06-30,0.0,19.2,22.8,17.2,18647.0,27277.489999999932,0,0
881,2023-07-01,0.0,19.1,22.8,16.7,17029.0,26213.489999999965,0,0
882,2023-07-02,0.0,19.4,22.8,17.2,283.0,74.64999999999998,1,0
883,2023-07-03,0.0,18.8,22.2,17.2,18275.0,26402.50999999993,0,0
884,2023-07-04,0.0,18.6,22.2,16.7,356.0,89.14999999999993,0,1
885,2023-07-05,0.0,18.6,22.2,16.1,18198.0,26148.939999999944,0,0
886,2023-07-06,0.0,18.2,21.1,16.1,18629.0,26966.63999999996,0,0
887,2023-07-07,0.0,18.4,21.1,16.7,18830.0,27408.36999999996,0,0
888,2023-07-08,0.0,18.8,21.1,17.2,16962.0,26290.109999999946,0,0
889,2023-07-09,0.0,18.6,22.2,17.2,185.0,48.75,1,0
890,2023-07-10,0.0,19.8,22.8,17.2,17147.0,24499.55999999996,0,0
891,2023-07-11,0.0,19.8,24.4,17.2,17803.0,25617.089999999884,0,0
892,2023-07-12,0.0,21.9,26.7,18.9,18767.0,26726.899999999954,0,0
893,2023-07-13,0.0,22.8,26.7,19.4,19013.0,27520.939999999915,0,0
894,2023-07-14,0.0,21.6,25.6,18.3,19464.0,28582.64999999996,0,0
895,2023-07-15,0.0,20.9,23.9,18.9,16625.0,26729.649999999932,0,0
896,2023-07-16,0.0,20.2,23.9,18.3,298.0,72.30000000000001,1,0
897,2023-07-17,0.0,21.6,25.6,19.4,17738.0,25307.979999999963,0,0
898,2023-07-18,0.0,21.8,25.0,19.4,18527.0,26682.189999999944,0,0
899,2023-07-19,0.0,21.7,25.6,19.4,18867.0,27463.899999999954,0,0
900,2023-07-20,0.0,21.6,24.4,19.4,18152.0,27056.489999999936,0,0
901,2023-07-21,0.0,21.0,25.0,18.9,18129.0,27107.189999999915,0,0
902,2023-07-22,0.0,20.3,24.4,18.3,16682.0,25971.54999999997,0,0
903,2023-07-23,0.0,20.6,23.9,18.3,240.0,64.35,1,0
904,2023-07-24,0.0,21.3,24.4,18.9,17427.0,25005.55999999995,0,0
905,2023-07-25,0.0,21.0,25.6,18.9,18391.0,26247.16999999998,0,0
906,2023-07-26,0.0,22.9,27.8,20.0,18676.0,27296.059999999918,0,0
907,2023-07-27,0.0,23.1,25.0,20.6,18522.0,26538.289999999917,0,0
908,2023-07-28,0.0,21.2,23.3,20.0,19028.0,27735.82999999995,0,0
909,2023-07-29,0.0,22.2,25.6,20.0,16755.0,25970.339999999942,0,0
910,2023-07-30,0.0,22.3,26.7,20.6,227.0,62.39999999999999,1,0
911,2023-07-31,0.0,22.8,25.6,20.6,17120.0,24283.359999999975,0,0
912,2023-08-01,0.0,23.7,27.2,21.1,17529.0,24988.149999999914,0,0
913,2023-08-02,0.0,23.0,25.6,20.0,18094.0,25679.739999999878,0,0
914,2023-08-03,0.0,21.6,23.9,18.9,18586.0,26539.069999999934,0,0
915,2023-08-04,0.0,20.7,24.4,18.3,18785.0,27212.14999999993,0,0
916,2023-08-05,0.0,21.6,24.4,18.9,17104.0,26263.24999999997,0,0
917,2023-08-06,0.0,20.8,25.0,18.3,271.0,68.15,1,0
918,2023-08-07,0.0,21.1,26.7,17.8,16936.0,24458.58999999996,0,0
919,2023-08-08,0.0,23.2,28.3,20.6,17654.0,25458.269999999957,0,0
920,2023-08-09,0.0,23.2,25.6,21.1,18443.0,26347.319999999952,0,0
921,2023-08-10,0.0,22.1,23.9,21.1,18633.0,27195.36999999994,0,0
922,2023-08-11,0.0,21.9,24.4,20.6,18987.0,27577.13999999995,0,0
923,2023-08-12,0.0,21.8,24.4,20.0,17528.0,26623.199999999957,0,0
924,2023-08-13,0.0,21.7,24.4,20.0,276.0,69.79999999999997,1,0
925,2023-08-14,0.0,21.1,23.9,20.0,16867.0,24384.519999999953,0,0
926,2023-08-15,0.0,21.0,24.4,20.0,18398.0,26226.89999999993,0,0
927,2023-08-16,0.0,22.1,26.1,20.0,18526.0,26910.979999999927,0,0
928,2023-08-17,0.0,21.6,23.9,18.9,18598.0,26814.719999999976,0,0
929,2023-08-18,0.0,20.4,23.9,18.9,19450.0,28103.049999999876,0,0
930,2023-08-19,0.0,20.6,23.9,18.3,16945.0,26316.289999999964,0,0
931,2023-08-20,46.2,22.4,23.9,18.9,153.0,35.50000000000001,1,0
932,2023-08-21,0.5,20.4,24.4,18.3,15849.0,23089.15999999998,0,0
933,2023-08-22,0.0,21.3,25.6,17.8,17861.0,25808.75999999993,0,0
934,2023-08-23,0.0,21.3,23.9,18.9,18025.0,26531.16999999995,0,0
935,2023-08-24,0.0,20.8,23.9,18.3,18513.0,26807.069999999916,0,0
936,2023-08-25,0.0,20.5,23.9,18.3,18855.0,27308.249999999938,0,0
937,2023-08-26,0.0,20.7,24.4,18.3,17442.0,26533.659999999956,0,0
938,2023-08-27,0.0,22.0,26.1,18.3,262.0,67.25,1,0
939,2023-08-28,0.0,23.3,28.3,18.3,16763.0,23666.259999999915,0,0
940,2023-08-29,0.0,23.2,28.9,18.9,17252.0,24653.049999999937,0,0
941,2023-08-30,0.0,22.3,25.0,20.0,17471.0,25288.959999999952,0,0
942,2023-08-31,0.0,21.9,25.0,20.0,17796.0,25959.299999999937,0,0
943,2023-09-01,0.0,21.6,24.4,20.6,18865.0,27615.319999999934,0,0
944,2023-09-02,0.3,22.7,25.6,21.1,16902.0,25788.799999999956,0,0
945,2023-09-03,0.0,23.3,26.1,20.0,248.0,60.900000000000006,1,0
946,2023-09-04,0.0,21.5,24.4,18.9,513.0,154.29999999999995,0,1
947,2023-09-05,0.0,20.9,23.3,18.3,16773.0,23917.83,0,0
948,2023-09-06,0.0,22.2,25.0,18.9,17111.0,24957.35999999994,0,0
949,2023-09-07,0.0,21.4,25.6,17.8,17529.0,25256.699999999943,0,0
950,2023-09-08,0.0,22.3,27.2,19.4,18161.0,26530.51999999994,0,0
951,2023-09-09,0.0,24.3,28.3,21.1,15954.0,24472.379999999936,0,0
952,2023-09-10,0.0,24.5,28.3,21.7,248.0,67.25000000000003,1,0
953,2023-09-11,0.0,24.1,30.0,21.7,15520.0,22127.239999999987,0,0
954,2023-09-12,0.0,22.9,25.0,20.6,16602.0,23641.32999999995,0,0
955,2023-09-13,0.0,21.4,23.9,19.4,17502.0,25322.409999999913,0,0
956,2023-09-14,0.0,20.8,23.9,19.4,16719.0,23812.669999999944,0,0
957,2023-09-15,0.0,21.1,22.8,20.0,17523.0,25436.469999999972,0,0
958,2023-09-16,0.0,21.2,22.2,20.0,16247.0,24407.74999999999,0,0
959,2023-09-17,0.0,20.7,21.7,20.0,175.0,41.45,1,0
960,2023-09-18,0.0,21.4,23.9,18.9,16156.0,23277.26999999996,0,0
961,2023-09-19,0.0,19.5,23.9,16.1,16538.0,24020.75,0,0
962,2023-09-20,0.0,20.9,23.3,17.8,17333.0,25914.799999999937,0,0
963,2023-09-21,0.0,20.3,23.9,18.3,17954.0,26154.069999999865,0,0
964,2023-09-22,1.0,19.3,20.6,17.2,18155.0,26648.159999999953,0,0
965,2023-09-23,0.0,20.4,23.3,18.3,16822.0,25764.489999999907,0,0
966,2023-09-24,0.0,20.1,23.9,17.8,213.0,54.34999999999999,1,0
967,2023-09-25,0.0,20.1,23.9,17.2,16388.0,23402.00999999993,0,0
968,2023-09-26,0.0,19.7,23.9,16.7,16907.0,24117.659999999945,0,0
969,2023-09-27,0.0,19.3,23.3,16.7,17581.0,25735.479999999978,0,0
970,2023-09-28,0.0,19.4,22.2,17.8,18347.0,26601.739999999925,0,0
971,2023-09-29,0.0,19.9,21.7,18.9,18494.0,27043.49999999996,0,0
972,2023-09-30,0.0,19.9,22.2,18.3,16311.0,25127.77999999997,0,0
973,2023-10-01,0.0,19.1,21.7,16.7,236.0,53.9,1,0
974,2023-10-02,0.0,18.1,22.2,14.4,16026.0,23181.449999999964,0,0
975,2023-10-03,0.0,18.7,23.9,13.9,17387.0,24795.749999999953,0,0
976,2023-10-04,0.0,20.1,27.2,15.0,17485.0,25106.419999999962,0,0
977,2023-10-05,0.0,21.8,28.9,15.6,17926.0,25899.34999999997,0,0
978,2023-10-06,0.0,21.1,25.0,15.6,18461.0,26995.03999999995,0,0
979,2023-10-07,0.0,19.9,25.6,16.7,16761.0,25382.92000000001,0,0
980,2023-10-08,0.0,20.7,24.4,17.2,302.0,69.49999999999999,1,0
981,2023-10-09,0.0,20.2,23.3,18.3,15022.0,21592.669999999973,0,1
982,2023-10-10,0.3,19.6,22.8,17.8,16097.0,22617.129999999943,0,0
983,2023-10-11,0.0,19.4,22.2,17.8,17124.0,25008.969999999936,0,0
984,2023-10-12,0.0,19.4,22.8,15.6,17306.0,25345.54999999992,0,0
985,2023-10-13,0.0,19.6,22.8,15.6,18198.0,26740.01999999995,0,0
986,2023-10-14,0.0,19.4,24.4,16.7,16347.0,25279.189999999955,0,0
987,2023-10-15,0.0,19.7,25.6,14.4,215.0,52.39999999999999,1,0
988,2023-10-16,0.0,19.4,23.3,15.6,15387.0,22081.229999999956,0,0
989,2023-10-17,0.0,19.3,22.8,17.2,16404.0,23788.649999999925,0,0
990,2023-10-18,0.0,19.4,22.2,17.2,16940.0,24423.039999999954,0,0
991,2023-10-19,0.0,19.1,23.3,16.1,17307.0,25099.4999999999,0,0
992,2023-10-20,0.0,20.8,26.1,17.8,18185.0,26556.289999999906,0,0
993,2023-10-21,0.0,20.6,25.6,15.6,16588.0,25524.579999999944,0,0
994,2023-10-22,0.0,20.1,22.2,18.9,239.0,54.54999999999999,1,0
995,2023-10-23,0.0,19.8,21.1,16.7,15581.0,22830.17999999998,0,0
996,2023-10-24,0.0,18.1,22.2,13.9,16711.0,23954.68999999995,0,0
997,2023-10-25,0.0,19.2,19.4,17.8,17148.0,25174.009999999962,0,0
998,2023-10-26,0.0,18.8,22.2,15.6,17433.0,25599.12999999992,0,0
999,2023-10-27,0.0,18.2,21.7,15.6,17816.0,26372.849999999948,0,0
1000,2023-10-28,0.0,17.2,21.1,12.8,15917.0,24156.919999999976,0,0
1001,2023-10-29,0.0,17.9,26.1,12.2,274.0,66.14999999999998,1,0
1002,2023-10-30,0.0,17.5,25.6,8.3,15219.0,21530.089999999927,0,0
1003,2023-10-31,0.0,17.4,27.2,12.8,15103.0,22039.880000000012,0,0
1004,2023-11-01,0.0,18.3,29.4,10.0,16711.0,24281.319999999963,0,0
1005,2023-11-02,0.0,17.8,27.8,9.4,17474.0,25588.229999999945,0,0
1006,2023-11-03,0.0,17.2,25.6,9.4,18310.0,26911.1999999999,0,0
1007,2023-11-04,0.0,16.6,24.4,9.4,17328.0,27072.74999999992,0,0
1008,2023-11-05,0.0,16.4,23.9,10.6,287.0,70.25,1,0
1009,2023-11-06,0.0,16.8,21.1,12.8,15287.0,22234.779999999933,0,0
1010,2023-11-07,0.0,18.1,20.6,15.0,16489.0,24381.679999999953,0,0
1011,2023-11-08,0.0,17.0,21.1,11.7,17196.0,25428.45999999993,0,0
1012,2023-11-09,0.0,16.2,23.9,8.3,17502.0,26047.109999999935,0,0
1013,2023-11-10,0.0,15.6,24.4,6.7,2509.0,583.890000000001,0,1
1014,2023-11-11,0.0,14.8,23.3,6.7,15704.0,24902.269999999964,0,0
1015,2023-11-12,0.0,16.6,26.7,8.3,241.0,60.35000000000001,1,0
1016,2023-11-13,0.0,16.5,23.9,8.9,14892.0,21346.59999999994,0,0
1017,2023-11-14,0.0,16.0,23.9,8.9,16403.0,24200.96999999995,0,0
1018,2023-11-15,3.6,16.7,20.6,12.2,16333.0,24395.05999999998,0,0
1019,2023-11-16,0.3,18.1,22.8,15.6,17340.0,25529.009999999926,0,0
1020,2023-11-17,3.0,17.7,21.7,13.3,17964.0,26859.43999999997,0,0
1021,2023-11-18,0.0,18.4,21.1,14.4,17203.0,26410.809999999972,0,0
1022,2023-11-19,0.0,18.1,20.6,12.8,178.0,46.0,1,0
1023,2023-11-20,0.0,16.2,23.3,10.6,16886.0,24734.259999999977,0,0
1024,2023-11-21,0.0,16.7,25.6,8.9,17585.0,25550.54999999995,0,0
1025,2023-11-22,0.0,17.2,25.6,10.0,17183.0,24783.069999999934,0,0
1026,2023-11-23,0.0,16.2,20.0,10.6,181.0,46.2,0,1
1027,2023-11-24,0.3,17.4,18.9,12.8,13007.0,19177.490000000016,0,0
1028,2023-11-25,0.0,15.0,19.4,10.0,15388.0,24139.32999999996,0,0
1029,2023-11-26,0.0,13.9,21.7,7.8,190.0,48.75000000000001,1,0
